-- =============================================================================
-- SmartETRM — Reference/Seed Data: Organization & Users
-- =============================================================================
-- GENERATED FILE — do not hand-edit. Extracted from a live, fully-migrated
-- ETRM_DB (post-V96) via mssql-scripter, one table at a time.
--
-- REFERENCE ONLY — not guaranteed independently runnable in isolation.
-- SmartETRM's Master Data Hub groups are NOT a dependency hierarchy — most
-- groups have FKs pointing at each other in both directions (e.g. Products &
-- Markets needs Finance & Settlement's currency rows; Finance & Settlement's
-- bank_account needs Counterparties & Agreements' counterparty rows). There is
-- no group-by-group load order that satisfies every FK. For an actually-
-- runnable full load, use 01_master_data_seed.sql instead, which loads all
-- 154 tables' data in a verified-safe per-table order. This file exists so you
-- can find/read/diff "what's the seed data for Organization & Users" without wading through
-- the combined file.
--
-- Tables in this file (11): book_type, contact_role, contact, event_category, event_type, external_system, legal_entity_type, legal_entity, desk, trader, book
-- =============================================================================

SET ANSI_NULLS ON
GO
SET QUOTED_IDENTIFIER ON
GO

SET IDENTITY_INSERT [dbo].[book_type] ON 

INSERT [dbo].[book_type] ([book_type_id], [type_code], [type_name], [description], [sort_order], [is_active], [created_at], [created_by], [updated_at], [updated_by]) VALUES (1, N'TRADING', N'Trading', N'Proprietary trading book for physical and financial positions', 1, 1, CAST(N'2026-07-12T11:19:45.2128800' AS DateTime2), N'SYSTEM', CAST(N'2026-07-12T11:19:45.2128800' AS DateTime2), N'SYSTEM')
INSERT [dbo].[book_type] ([book_type_id], [type_code], [type_name], [description], [sort_order], [is_active], [created_at], [created_by], [updated_at], [updated_by]) VALUES (2, N'HEDGING', N'Hedging', N'Risk-reduction book offsetting physical exposure', 2, 1, CAST(N'2026-07-12T11:19:45.2128800' AS DateTime2), N'SYSTEM', CAST(N'2026-07-12T11:19:45.2128800' AS DateTime2), N'SYSTEM')
INSERT [dbo].[book_type] ([book_type_id], [type_code], [type_name], [description], [sort_order], [is_active], [created_at], [created_by], [updated_at], [updated_by]) VALUES (3, N'ARBITRAGE', N'Arbitrage', N'Book capturing price differentials across markets or locations', 3, 1, CAST(N'2026-07-12T11:19:45.2128800' AS DateTime2), N'SYSTEM', CAST(N'2026-07-12T11:19:45.2128800' AS DateTime2), N'SYSTEM')
INSERT [dbo].[book_type] ([book_type_id], [type_code], [type_name], [description], [sort_order], [is_active], [created_at], [created_by], [updated_at], [updated_by]) VALUES (4, N'PROP', N'Prop', N'Proprietary book with a directional market view mandate', 4, 1, CAST(N'2026-07-12T11:19:45.2128800' AS DateTime2), N'SYSTEM', CAST(N'2026-07-12T11:19:45.2128800' AS DateTime2), N'SYSTEM')
INSERT [dbo].[book_type] ([book_type_id], [type_code], [type_name], [description], [sort_order], [is_active], [created_at], [created_by], [updated_at], [updated_by]) VALUES (5, N'CLIENT', N'Client', N'Third-party client facilitation book', 5, 1, CAST(N'2026-07-12T11:19:45.2128800' AS DateTime2), N'SYSTEM', CAST(N'2026-07-12T11:19:45.2128800' AS DateTime2), N'SYSTEM')
INSERT [dbo].[book_type] ([book_type_id], [type_code], [type_name], [description], [sort_order], [is_active], [created_at], [created_by], [updated_at], [updated_by]) VALUES (6, N'RISK_MGMT', N'Risk Mgmt', N'Risk management and internal hedging book', 6, 1, CAST(N'2026-07-12T11:19:45.2128800' AS DateTime2), N'SYSTEM', CAST(N'2026-07-12T11:19:45.2128800' AS DateTime2), N'SYSTEM')
SET IDENTITY_INSERT [dbo].[book_type] OFF

SET IDENTITY_INSERT [dbo].[contact_role] ON 

INSERT [dbo].[contact_role] ([contact_role_id], [type_code], [type_name], [description], [sort_order], [is_active], [created_at], [created_by], [updated_at], [updated_by]) VALUES (1, N'TRADER', N'Trader', N'Front-office trader executing deals', 1, 1, CAST(N'2026-07-12T11:19:45.1887042' AS DateTime2), N'SYSTEM', CAST(N'2026-07-12T11:19:45.1887042' AS DateTime2), N'SYSTEM')
INSERT [dbo].[contact_role] ([contact_role_id], [type_code], [type_name], [description], [sort_order], [is_active], [created_at], [created_by], [updated_at], [updated_by]) VALUES (2, N'BACK_OFFICE', N'Back Office', N'Confirmations, settlements, and operations', 2, 1, CAST(N'2026-07-12T11:19:45.1887042' AS DateTime2), N'SYSTEM', CAST(N'2026-07-12T11:19:45.1887042' AS DateTime2), N'SYSTEM')
INSERT [dbo].[contact_role] ([contact_role_id], [type_code], [type_name], [description], [sort_order], [is_active], [created_at], [created_by], [updated_at], [updated_by]) VALUES (3, N'LEGAL', N'Legal', N'Contract drafting, review, and disputes', 3, 1, CAST(N'2026-07-12T11:19:45.1887042' AS DateTime2), N'SYSTEM', CAST(N'2026-07-12T11:19:45.1887042' AS DateTime2), N'SYSTEM')
INSERT [dbo].[contact_role] ([contact_role_id], [type_code], [type_name], [description], [sort_order], [is_active], [created_at], [created_by], [updated_at], [updated_by]) VALUES (4, N'COMPLIANCE', N'Compliance', N'Regulatory, sanctions, and KYC oversight', 4, 1, CAST(N'2026-07-12T11:19:45.1887042' AS DateTime2), N'SYSTEM', CAST(N'2026-07-12T11:19:45.1887042' AS DateTime2), N'SYSTEM')
INSERT [dbo].[contact_role] ([contact_role_id], [type_code], [type_name], [description], [sort_order], [is_active], [created_at], [created_by], [updated_at], [updated_by]) VALUES (5, N'ACCOUNTS', N'Accounts', N'Invoice processing, accounts payable/receivable', 5, 1, CAST(N'2026-07-12T11:19:45.1887042' AS DateTime2), N'SYSTEM', CAST(N'2026-07-12T11:19:45.1887042' AS DateTime2), N'SYSTEM')
INSERT [dbo].[contact_role] ([contact_role_id], [type_code], [type_name], [description], [sort_order], [is_active], [created_at], [created_by], [updated_at], [updated_by]) VALUES (6, N'PRIMARY', N'Primary', N'General primary point of contact', 6, 1, CAST(N'2026-07-12T11:19:45.1887042' AS DateTime2), N'SYSTEM', CAST(N'2026-07-12T11:19:45.1887042' AS DateTime2), N'SYSTEM')
INSERT [dbo].[contact_role] ([contact_role_id], [type_code], [type_name], [description], [sort_order], [is_active], [created_at], [created_by], [updated_at], [updated_by]) VALUES (7, N'OPERATIONS', N'Operations', N'Physical delivery, logistics, and scheduling', 7, 1, CAST(N'2026-07-12T11:19:45.1887042' AS DateTime2), N'SYSTEM', CAST(N'2026-07-12T11:19:45.1887042' AS DateTime2), N'SYSTEM')
INSERT [dbo].[contact_role] ([contact_role_id], [type_code], [type_name], [description], [sort_order], [is_active], [created_at], [created_by], [updated_at], [updated_by]) VALUES (8, N'TECHNICAL', N'Technical', N'Systems integration and IT connectivity', 8, 1, CAST(N'2026-07-12T11:19:45.1887042' AS DateTime2), N'SYSTEM', CAST(N'2026-07-12T11:19:45.1887042' AS DateTime2), N'SYSTEM')
INSERT [dbo].[contact_role] ([contact_role_id], [type_code], [type_name], [description], [sort_order], [is_active], [created_at], [created_by], [updated_at], [updated_by]) VALUES (9, N'CREDIT', N'Credit', N'Credit analysis and exposure monitoring', 9, 1, CAST(N'2026-07-12T11:19:45.1887042' AS DateTime2), N'SYSTEM', CAST(N'2026-07-12T11:19:45.1887042' AS DateTime2), N'SYSTEM')
INSERT [dbo].[contact_role] ([contact_role_id], [type_code], [type_name], [description], [sort_order], [is_active], [created_at], [created_by], [updated_at], [updated_by]) VALUES (10, N'KYC', N'KYC', N'Know-Your-Customer document collection and review', 10, 1, CAST(N'2026-07-12T11:19:45.1887042' AS DateTime2), N'SYSTEM', CAST(N'2026-07-12T11:19:45.1887042' AS DateTime2), N'SYSTEM')
INSERT [dbo].[contact_role] ([contact_role_id], [type_code], [type_name], [description], [sort_order], [is_active], [created_at], [created_by], [updated_at], [updated_by]) VALUES (11, N'OTHER', N'Other', N'Does not fit a defined contact function', 11, 1, CAST(N'2026-07-12T11:19:45.1887042' AS DateTime2), N'SYSTEM', CAST(N'2026-07-12T11:19:45.1887042' AS DateTime2), N'SYSTEM')
SET IDENTITY_INSERT [dbo].[contact_role] OFF


SET IDENTITY_INSERT [dbo].[event_category] ON 

INSERT [dbo].[event_category] ([category_id], [category_code], [category_name], [description], [is_active]) VALUES (1, N'TRADE', N'Trade Lifecycle', N'Events related to trade creation and lifecycle', 1)
INSERT [dbo].[event_category] ([category_id], [category_code], [category_name], [description], [is_active]) VALUES (2, N'DELIVERY', N'Delivery & Logistics', N'Physical delivery and logistics events', 1)
INSERT [dbo].[event_category] ([category_id], [category_code], [category_name], [description], [is_active]) VALUES (3, N'SETTLEMENT', N'Settlement & Payment', N'Settlement, invoicing, and payment events', 1)
INSERT [dbo].[event_category] ([category_id], [category_code], [category_name], [description], [is_active]) VALUES (4, N'RISK', N'Risk Management', N'Risk limit, VaR, and exposure events', 1)
INSERT [dbo].[event_category] ([category_id], [category_code], [category_name], [description], [is_active]) VALUES (5, N'CREDIT', N'Credit & Collateral', N'Credit limit, margin call, and collateral events', 1)
INSERT [dbo].[event_category] ([category_id], [category_code], [category_name], [description], [is_active]) VALUES (6, N'MARKET_DATA', N'Market Data', N'Curve loading, fixing, and data quality events', 1)
INSERT [dbo].[event_category] ([category_id], [category_code], [category_name], [description], [is_active]) VALUES (7, N'REGULATORY', N'Regulatory', N'Regulatory reporting and compliance events', 1)
INSERT [dbo].[event_category] ([category_id], [category_code], [category_name], [description], [is_active]) VALUES (8, N'SYSTEM', N'System', N'System operational events', 1)
INSERT [dbo].[event_category] ([category_id], [category_code], [category_name], [description], [is_active]) VALUES (9, N'USER', N'User Activity', N'User authentication and access events', 1)
SET IDENTITY_INSERT [dbo].[event_category] OFF

SET IDENTITY_INSERT [dbo].[event_type] ON 

INSERT [dbo].[event_type] ([event_type_id], [category_id], [event_code], [event_name], [entity_type], [severity], [requires_action], [requires_approval], [triggers_notification], [sla_minutes], [is_reportable], [is_active], [description]) VALUES (1, 1, N'TRADE_CREATED', N'Trade Created', N'TRADE', N'INFO', 0, 0, 1, NULL, 1, 1, NULL)
INSERT [dbo].[event_type] ([event_type_id], [category_id], [event_code], [event_name], [entity_type], [severity], [requires_action], [requires_approval], [triggers_notification], [sla_minutes], [is_reportable], [is_active], [description]) VALUES (2, 1, N'TRADE_AMENDED', N'Trade Amended', N'TRADE', N'INFO', 0, 1, 1, NULL, 1, 1, NULL)
INSERT [dbo].[event_type] ([event_type_id], [category_id], [event_code], [event_name], [entity_type], [severity], [requires_action], [requires_approval], [triggers_notification], [sla_minutes], [is_reportable], [is_active], [description]) VALUES (3, 1, N'TRADE_CANCELLED', N'Trade Cancelled', N'TRADE', N'WARNING', 0, 1, 1, NULL, 1, 1, NULL)
INSERT [dbo].[event_type] ([event_type_id], [category_id], [event_code], [event_name], [entity_type], [severity], [requires_action], [requires_approval], [triggers_notification], [sla_minutes], [is_reportable], [is_active], [description]) VALUES (4, 1, N'TRADE_CONFIRMED', N'Trade Confirmed by Counterparty', N'TRADE', N'INFO', 0, 0, 1, NULL, 0, 1, NULL)
INSERT [dbo].[event_type] ([event_type_id], [category_id], [event_code], [event_name], [entity_type], [severity], [requires_action], [requires_approval], [triggers_notification], [sla_minutes], [is_reportable], [is_active], [description]) VALUES (5, 1, N'TRADE_EXPIRED', N'Trade Expired', N'TRADE', N'INFO', 0, 0, 1, NULL, 0, 1, NULL)
INSERT [dbo].[event_type] ([event_type_id], [category_id], [event_code], [event_name], [entity_type], [severity], [requires_action], [requires_approval], [triggers_notification], [sla_minutes], [is_reportable], [is_active], [description]) VALUES (6, 1, N'TRADE_PENDING_APPROVAL', N'Trade Pending Approval', N'TRADE', N'ALERT', 1, 1, 1, NULL, 0, 1, NULL)
INSERT [dbo].[event_type] ([event_type_id], [category_id], [event_code], [event_name], [entity_type], [severity], [requires_action], [requires_approval], [triggers_notification], [sla_minutes], [is_reportable], [is_active], [description]) VALUES (7, 1, N'TRADE_APPROVED', N'Trade Approved', N'TRADE', N'INFO', 0, 0, 1, NULL, 0, 1, NULL)
INSERT [dbo].[event_type] ([event_type_id], [category_id], [event_code], [event_name], [entity_type], [severity], [requires_action], [requires_approval], [triggers_notification], [sla_minutes], [is_reportable], [is_active], [description]) VALUES (8, 1, N'TRADE_REJECTED', N'Trade Rejected', N'TRADE', N'WARNING', 1, 0, 1, NULL, 0, 1, NULL)
INSERT [dbo].[event_type] ([event_type_id], [category_id], [event_code], [event_name], [entity_type], [severity], [requires_action], [requires_approval], [triggers_notification], [sla_minutes], [is_reportable], [is_active], [description]) VALUES (9, 2, N'DELIVERY_SCHEDULED', N'Delivery Scheduled', N'DELIVERY', N'INFO', 0, 0, 1, NULL, 0, 1, NULL)
INSERT [dbo].[event_type] ([event_type_id], [category_id], [event_code], [event_name], [entity_type], [severity], [requires_action], [requires_approval], [triggers_notification], [sla_minutes], [is_reportable], [is_active], [description]) VALUES (10, 2, N'VESSEL_NOMINATED', N'Vessel Nominated', N'DELIVERY', N'INFO', 0, 0, 1, NULL, 0, 1, NULL)
INSERT [dbo].[event_type] ([event_type_id], [category_id], [event_code], [event_name], [entity_type], [severity], [requires_action], [requires_approval], [triggers_notification], [sla_minutes], [is_reportable], [is_active], [description]) VALUES (11, 2, N'NOR_TENDERED', N'Notice of Readiness Tendered', N'DELIVERY', N'ALERT', 1, 0, 1, NULL, 0, 1, NULL)
INSERT [dbo].[event_type] ([event_type_id], [category_id], [event_code], [event_name], [entity_type], [severity], [requires_action], [requires_approval], [triggers_notification], [sla_minutes], [is_reportable], [is_active], [description]) VALUES (12, 2, N'LOADING_COMMENCED', N'Loading Commenced', N'DELIVERY', N'INFO', 0, 0, 1, NULL, 0, 1, NULL)
INSERT [dbo].[event_type] ([event_type_id], [category_id], [event_code], [event_name], [entity_type], [severity], [requires_action], [requires_approval], [triggers_notification], [sla_minutes], [is_reportable], [is_active], [description]) VALUES (13, 2, N'LOADING_COMPLETED', N'Loading Completed', N'DELIVERY', N'INFO', 0, 0, 1, NULL, 0, 1, NULL)
INSERT [dbo].[event_type] ([event_type_id], [category_id], [event_code], [event_name], [entity_type], [severity], [requires_action], [requires_approval], [triggers_notification], [sla_minutes], [is_reportable], [is_active], [description]) VALUES (14, 2, N'DELIVERY_COMPLETED', N'Delivery Completed', N'DELIVERY', N'INFO', 0, 0, 1, NULL, 0, 1, NULL)
INSERT [dbo].[event_type] ([event_type_id], [category_id], [event_code], [event_name], [entity_type], [severity], [requires_action], [requires_approval], [triggers_notification], [sla_minutes], [is_reportable], [is_active], [description]) VALUES (15, 2, N'DELIVERY_FAILED', N'Delivery Failed', N'DELIVERY', N'CRITICAL', 1, 0, 1, NULL, 0, 1, NULL)
INSERT [dbo].[event_type] ([event_type_id], [category_id], [event_code], [event_name], [entity_type], [severity], [requires_action], [requires_approval], [triggers_notification], [sla_minutes], [is_reportable], [is_active], [description]) VALUES (16, 3, N'INVOICE_GENERATED', N'Invoice Generated', N'INVOICE', N'INFO', 0, 0, 1, NULL, 0, 1, NULL)
INSERT [dbo].[event_type] ([event_type_id], [category_id], [event_code], [event_name], [entity_type], [severity], [requires_action], [requires_approval], [triggers_notification], [sla_minutes], [is_reportable], [is_active], [description]) VALUES (17, 3, N'INVOICE_APPROVED', N'Invoice Approved', N'INVOICE', N'INFO', 0, 0, 1, NULL, 0, 1, NULL)
INSERT [dbo].[event_type] ([event_type_id], [category_id], [event_code], [event_name], [entity_type], [severity], [requires_action], [requires_approval], [triggers_notification], [sla_minutes], [is_reportable], [is_active], [description]) VALUES (18, 3, N'PAYMENT_DUE', N'Payment Due Today', N'PAYMENT', N'ALERT', 1, 0, 1, NULL, 0, 1, NULL)
INSERT [dbo].[event_type] ([event_type_id], [category_id], [event_code], [event_name], [entity_type], [severity], [requires_action], [requires_approval], [triggers_notification], [sla_minutes], [is_reportable], [is_active], [description]) VALUES (19, 3, N'PAYMENT_OVERDUE', N'Payment Overdue', N'PAYMENT', N'CRITICAL', 1, 0, 1, NULL, 0, 1, NULL)
INSERT [dbo].[event_type] ([event_type_id], [category_id], [event_code], [event_name], [entity_type], [severity], [requires_action], [requires_approval], [triggers_notification], [sla_minutes], [is_reportable], [is_active], [description]) VALUES (20, 3, N'PAYMENT_RECEIVED', N'Payment Received', N'PAYMENT', N'INFO', 0, 0, 1, NULL, 0, 1, NULL)
INSERT [dbo].[event_type] ([event_type_id], [category_id], [event_code], [event_name], [entity_type], [severity], [requires_action], [requires_approval], [triggers_notification], [sla_minutes], [is_reportable], [is_active], [description]) VALUES (21, 4, N'POSITION_LIMIT_WARNING', N'Position Limit Warning (80%)', N'POSITION', N'WARNING', 1, 0, 1, NULL, 0, 1, NULL)
INSERT [dbo].[event_type] ([event_type_id], [category_id], [event_code], [event_name], [entity_type], [severity], [requires_action], [requires_approval], [triggers_notification], [sla_minutes], [is_reportable], [is_active], [description]) VALUES (22, 4, N'POSITION_LIMIT_BREACH', N'Position Limit Breached', N'POSITION', N'BREACH', 1, 1, 1, NULL, 0, 1, NULL)
INSERT [dbo].[event_type] ([event_type_id], [category_id], [event_code], [event_name], [entity_type], [severity], [requires_action], [requires_approval], [triggers_notification], [sla_minutes], [is_reportable], [is_active], [description]) VALUES (23, 4, N'PNL_STOP_LOSS', N'P&L Stop Loss Triggered', N'POSITION', N'BREACH', 1, 1, 1, NULL, 0, 1, NULL)
INSERT [dbo].[event_type] ([event_type_id], [category_id], [event_code], [event_name], [entity_type], [severity], [requires_action], [requires_approval], [triggers_notification], [sla_minutes], [is_reportable], [is_active], [description]) VALUES (24, 4, N'VAR_LIMIT_BREACH', N'VaR Limit Breached', N'RISK', N'BREACH', 1, 1, 1, NULL, 0, 1, NULL)
INSERT [dbo].[event_type] ([event_type_id], [category_id], [event_code], [event_name], [entity_type], [severity], [requires_action], [requires_approval], [triggers_notification], [sla_minutes], [is_reportable], [is_active], [description]) VALUES (25, 4, N'TRADER_LIMIT_BREACH', N'Trader Limit Breached', N'TRADE', N'BREACH', 1, 1, 1, NULL, 0, 1, NULL)
INSERT [dbo].[event_type] ([event_type_id], [category_id], [event_code], [event_name], [entity_type], [severity], [requires_action], [requires_approval], [triggers_notification], [sla_minutes], [is_reportable], [is_active], [description]) VALUES (26, 5, N'CREDIT_LIMIT_WARNING', N'Credit Limit Warning (80%)', N'CREDIT', N'WARNING', 1, 0, 1, NULL, 0, 1, NULL)
INSERT [dbo].[event_type] ([event_type_id], [category_id], [event_code], [event_name], [entity_type], [severity], [requires_action], [requires_approval], [triggers_notification], [sla_minutes], [is_reportable], [is_active], [description]) VALUES (27, 5, N'CREDIT_LIMIT_BREACH', N'Credit Limit Breached', N'CREDIT', N'BREACH', 1, 1, 1, NULL, 0, 1, NULL)
INSERT [dbo].[event_type] ([event_type_id], [category_id], [event_code], [event_name], [entity_type], [severity], [requires_action], [requires_approval], [triggers_notification], [sla_minutes], [is_reportable], [is_active], [description]) VALUES (28, 5, N'MARGIN_CALL_ISSUED', N'Margin Call Issued', N'MARGIN', N'ALERT', 1, 0, 1, NULL, 0, 1, NULL)
INSERT [dbo].[event_type] ([event_type_id], [category_id], [event_code], [event_name], [entity_type], [severity], [requires_action], [requires_approval], [triggers_notification], [sla_minutes], [is_reportable], [is_active], [description]) VALUES (29, 5, N'MARGIN_CALL_OVERDUE', N'Margin Call Overdue', N'MARGIN', N'CRITICAL', 1, 1, 1, NULL, 0, 1, NULL)
INSERT [dbo].[event_type] ([event_type_id], [category_id], [event_code], [event_name], [entity_type], [severity], [requires_action], [requires_approval], [triggers_notification], [sla_minutes], [is_reportable], [is_active], [description]) VALUES (30, 5, N'LC_EXPIRY_WARNING', N'LC Expiring in 30 Days', N'CREDIT', N'WARNING', 1, 0, 1, NULL, 0, 1, NULL)
INSERT [dbo].[event_type] ([event_type_id], [category_id], [event_code], [event_name], [entity_type], [severity], [requires_action], [requires_approval], [triggers_notification], [sla_minutes], [is_reportable], [is_active], [description]) VALUES (31, 5, N'KYC_EXPIRY_WARNING', N'KYC Expiring in 30 Days', N'COUNTERPARTY', N'WARNING', 1, 0, 1, NULL, 0, 1, NULL)
INSERT [dbo].[event_type] ([event_type_id], [category_id], [event_code], [event_name], [entity_type], [severity], [requires_action], [requires_approval], [triggers_notification], [sla_minutes], [is_reportable], [is_active], [description]) VALUES (32, 6, N'CURVE_LOADED', N'Price Curve Loaded', N'MARKET_DATA', N'INFO', 0, 0, 0, NULL, 0, 1, NULL)
INSERT [dbo].[event_type] ([event_type_id], [category_id], [event_code], [event_name], [entity_type], [severity], [requires_action], [requires_approval], [triggers_notification], [sla_minutes], [is_reportable], [is_active], [description]) VALUES (33, 6, N'CURVE_MISSING', N'Price Curve Missing at EOD', N'MARKET_DATA', N'ALERT', 1, 0, 1, NULL, 0, 1, NULL)
INSERT [dbo].[event_type] ([event_type_id], [category_id], [event_code], [event_name], [entity_type], [severity], [requires_action], [requires_approval], [triggers_notification], [sla_minutes], [is_reportable], [is_active], [description]) VALUES (34, 6, N'CURVE_STALE', N'Price Curve Stale (prior day)', N'MARKET_DATA', N'WARNING', 1, 0, 1, NULL, 0, 1, NULL)
INSERT [dbo].[event_type] ([event_type_id], [category_id], [event_code], [event_name], [entity_type], [severity], [requires_action], [requires_approval], [triggers_notification], [sla_minutes], [is_reportable], [is_active], [description]) VALUES (35, 6, N'FIXING_PUBLISHED', N'Rate/Price Fixing Published', N'MARKET_DATA', N'INFO', 0, 0, 0, NULL, 0, 1, NULL)
INSERT [dbo].[event_type] ([event_type_id], [category_id], [event_code], [event_name], [entity_type], [severity], [requires_action], [requires_approval], [triggers_notification], [sla_minutes], [is_reportable], [is_active], [description]) VALUES (36, 7, N'REPORT_SUBMITTED', N'Regulatory Report Submitted', N'SYSTEM', N'INFO', 0, 0, 0, NULL, 0, 1, NULL)
INSERT [dbo].[event_type] ([event_type_id], [category_id], [event_code], [event_name], [entity_type], [severity], [requires_action], [requires_approval], [triggers_notification], [sla_minutes], [is_reportable], [is_active], [description]) VALUES (37, 7, N'REPORT_REJECTED', N'Regulatory Report Rejected', N'SYSTEM', N'CRITICAL', 1, 0, 1, NULL, 0, 1, NULL)
INSERT [dbo].[event_type] ([event_type_id], [category_id], [event_code], [event_name], [entity_type], [severity], [requires_action], [requires_approval], [triggers_notification], [sla_minutes], [is_reportable], [is_active], [description]) VALUES (38, 7, N'REPORT_OVERDUE', N'Regulatory Report Overdue', N'SYSTEM', N'BREACH', 1, 1, 1, NULL, 0, 1, NULL)
INSERT [dbo].[event_type] ([event_type_id], [category_id], [event_code], [event_name], [entity_type], [severity], [requires_action], [requires_approval], [triggers_notification], [sla_minutes], [is_reportable], [is_active], [description]) VALUES (39, 8, N'EOD_STARTED', N'End of Day Batch Started', N'SYSTEM', N'INFO', 0, 0, 0, NULL, 0, 1, NULL)
INSERT [dbo].[event_type] ([event_type_id], [category_id], [event_code], [event_name], [entity_type], [severity], [requires_action], [requires_approval], [triggers_notification], [sla_minutes], [is_reportable], [is_active], [description]) VALUES (40, 8, N'EOD_COMPLETED', N'End of Day Batch Completed', N'SYSTEM', N'INFO', 0, 0, 1, NULL, 0, 1, NULL)
INSERT [dbo].[event_type] ([event_type_id], [category_id], [event_code], [event_name], [entity_type], [severity], [requires_action], [requires_approval], [triggers_notification], [sla_minutes], [is_reportable], [is_active], [description]) VALUES (41, 8, N'EOD_FAILED', N'End of Day Batch Failed', N'SYSTEM', N'CRITICAL', 1, 0, 1, NULL, 0, 1, NULL)
INSERT [dbo].[event_type] ([event_type_id], [category_id], [event_code], [event_name], [entity_type], [severity], [requires_action], [requires_approval], [triggers_notification], [sla_minutes], [is_reportable], [is_active], [description]) VALUES (42, 8, N'MTM_RUN_COMPLETED', N'MTM Valuation Run Completed', N'SYSTEM', N'INFO', 0, 0, 0, NULL, 0, 1, NULL)
SET IDENTITY_INSERT [dbo].[event_type] OFF

SET IDENTITY_INSERT [dbo].[external_system] ON 

INSERT [dbo].[external_system] ([external_system_id], [system_code], [system_name], [system_type], [vendor_name], [connection_type], [base_url], [owner_team], [is_active], [notes], [created_at], [created_by], [updated_at], [updated_by]) VALUES (1, N'MANUAL_UPLOAD', N'Manual File Upload', N'OTHER', NULL, N'FILE', NULL, NULL, 1, N'Default fallback — spreadsheet/CSV upload until a live integration is built for a given data feed.', CAST(N'2026-07-12T11:19:44.4247730' AS DateTime2), N'SYSTEM', CAST(N'2026-07-12T11:19:44.4247730' AS DateTime2), N'SYSTEM')
INSERT [dbo].[external_system] ([external_system_id], [system_code], [system_name], [system_type], [vendor_name], [connection_type], [base_url], [owner_team], [is_active], [notes], [created_at], [created_by], [updated_at], [updated_by]) VALUES (2, N'BLOOMBERG', N'Bloomberg Terminal/API', N'MARKET_DATA', N'Bloomberg', N'API', NULL, NULL, 0, N'Pending vendor decision — see Open Decisions.', CAST(N'2026-07-12T11:19:44.4247730' AS DateTime2), N'SYSTEM', CAST(N'2026-07-12T11:19:44.4247730' AS DateTime2), N'SYSTEM')
INSERT [dbo].[external_system] ([external_system_id], [system_code], [system_name], [system_type], [vendor_name], [connection_type], [base_url], [owner_team], [is_active], [notes], [created_at], [created_by], [updated_at], [updated_by]) VALUES (3, N'PLATTS', N'S&P Global Platts', N'MARKET_DATA', N'S&P Global', N'API', NULL, NULL, 0, N'Pending vendor decision — see Open Decisions.', CAST(N'2026-07-12T11:19:44.4247730' AS DateTime2), N'SYSTEM', CAST(N'2026-07-12T11:19:44.4247730' AS DateTime2), N'SYSTEM')
INSERT [dbo].[external_system] ([external_system_id], [system_code], [system_name], [system_type], [vendor_name], [connection_type], [base_url], [owner_team], [is_active], [notes], [created_at], [created_by], [updated_at], [updated_by]) VALUES (4, N'ARGUS', N'Argus Media', N'MARKET_DATA', N'Argus', N'API', NULL, NULL, 0, N'Pending vendor decision — see Open Decisions.', CAST(N'2026-07-12T11:19:44.4247730' AS DateTime2), N'SYSTEM', CAST(N'2026-07-12T11:19:44.4247730' AS DateTime2), N'SYSTEM')
INSERT [dbo].[external_system] ([external_system_id], [system_code], [system_name], [system_type], [vendor_name], [connection_type], [base_url], [owner_team], [is_active], [notes], [created_at], [created_by], [updated_at], [updated_by]) VALUES (5, N'ICE', N'ICE Data Services', N'MARKET_DATA', N'ICE', N'API', NULL, NULL, 0, N'Pending vendor decision — see Open Decisions.', CAST(N'2026-07-12T11:19:44.4247730' AS DateTime2), N'SYSTEM', CAST(N'2026-07-12T11:19:44.4247730' AS DateTime2), N'SYSTEM')
INSERT [dbo].[external_system] ([external_system_id], [system_code], [system_name], [system_type], [vendor_name], [connection_type], [base_url], [owner_team], [is_active], [notes], [created_at], [created_by], [updated_at], [updated_by]) VALUES (6, N'SAP_ERP', N'SAP ERP', N'ERP', N'SAP', N'API', NULL, NULL, 0, N'Pending ERP integration decision — see Open Decisions.', CAST(N'2026-07-12T11:19:44.4247730' AS DateTime2), N'SYSTEM', CAST(N'2026-07-12T11:19:44.4247730' AS DateTime2), N'SYSTEM')
INSERT [dbo].[external_system] ([external_system_id], [system_code], [system_name], [system_type], [vendor_name], [connection_type], [base_url], [owner_team], [is_active], [notes], [created_at], [created_by], [updated_at], [updated_by]) VALUES (7, N'AIS_TRACKING', N'AIS Vessel Tracking Feed', N'AIS_TRACKING', N'TBD', N'API', NULL, NULL, 0, N'Pending vendor selection for live vessel position tracking.', CAST(N'2026-07-12T11:19:44.4247730' AS DateTime2), N'SYSTEM', CAST(N'2026-07-12T11:19:44.4247730' AS DateTime2), N'SYSTEM')
INSERT [dbo].[external_system] ([external_system_id], [system_code], [system_name], [system_type], [vendor_name], [connection_type], [base_url], [owner_team], [is_active], [notes], [created_at], [created_by], [updated_at], [updated_by]) VALUES (8, N'DTCC_GTR', N'DTCC Global Trade Repository', N'REGULATORY', N'DTCC', N'API', NULL, NULL, 0, N'Pending regulatory jurisdiction decision (EMIR/CFTC) — see Open Decisions.', CAST(N'2026-07-12T11:19:44.4247730' AS DateTime2), N'SYSTEM', CAST(N'2026-07-12T11:19:44.4247730' AS DateTime2), N'SYSTEM')
SET IDENTITY_INSERT [dbo].[external_system] OFF

SET IDENTITY_INSERT [dbo].[legal_entity_type] ON 

INSERT [dbo].[legal_entity_type] ([legal_entity_type_id], [type_code], [type_name], [description], [sort_order], [is_active], [created_at], [created_by], [updated_at], [updated_by]) VALUES (1, N'TRADING_COMPANY', N'Trading Company', N'Standalone commodity trading company', 1, 1, CAST(N'2026-07-12T11:19:45.2229145' AS DateTime2), N'SYSTEM', CAST(N'2026-07-12T11:19:45.2229145' AS DateTime2), N'SYSTEM')
INSERT [dbo].[legal_entity_type] ([legal_entity_type_id], [type_code], [type_name], [description], [sort_order], [is_active], [created_at], [created_by], [updated_at], [updated_by]) VALUES (2, N'SUBSIDIARY', N'Subsidiary', N'Wholly or majority-owned subsidiary', 2, 1, CAST(N'2026-07-12T11:19:45.2229145' AS DateTime2), N'SYSTEM', CAST(N'2026-07-12T11:19:45.2229145' AS DateTime2), N'SYSTEM')
INSERT [dbo].[legal_entity_type] ([legal_entity_type_id], [type_code], [type_name], [description], [sort_order], [is_active], [created_at], [created_by], [updated_at], [updated_by]) VALUES (3, N'BRANCH', N'Branch', N'Registered branch office of a parent entity', 3, 1, CAST(N'2026-07-12T11:19:45.2229145' AS DateTime2), N'SYSTEM', CAST(N'2026-07-12T11:19:45.2229145' AS DateTime2), N'SYSTEM')
INSERT [dbo].[legal_entity_type] ([legal_entity_type_id], [type_code], [type_name], [description], [sort_order], [is_active], [created_at], [created_by], [updated_at], [updated_by]) VALUES (4, N'HOLDING', N'Holding', N'Non-trading holding company owning subsidiaries', 4, 1, CAST(N'2026-07-12T11:19:45.2229145' AS DateTime2), N'SYSTEM', CAST(N'2026-07-12T11:19:45.2229145' AS DateTime2), N'SYSTEM')
INSERT [dbo].[legal_entity_type] ([legal_entity_type_id], [type_code], [type_name], [description], [sort_order], [is_active], [created_at], [created_by], [updated_at], [updated_by]) VALUES (5, N'BROKER', N'Broker', N'Intermediary entity with brokerage authorisation', 5, 1, CAST(N'2026-07-12T11:19:45.2229145' AS DateTime2), N'SYSTEM', CAST(N'2026-07-12T11:19:45.2229145' AS DateTime2), N'SYSTEM')
SET IDENTITY_INSERT [dbo].[legal_entity_type] OFF





