-- =============================================================================
-- SmartETRM — Reference/Seed Data: Products & Markets
-- =============================================================================
-- GENERATED FILE — do not hand-edit. Extracted from a live, fully-migrated
-- ETRM_DB (post-V96) via mssql-scripter, one table at a time.
--
-- REFERENCE ONLY — not guaranteed independently runnable in isolation.
-- SmartETRM's Master Data Hub groups are NOT a dependency hierarchy — most
-- groups have FKs pointing at each other in both directions (e.g. Products &
-- Markets needs Finance & Settlement's currency rows; Finance & Settlement's
-- bank_account needs Counterparties & Agreements' counterparty rows). There is
-- no group-by-group load order that satisfies every FK. For an actually-
-- runnable full load, use 01_master_data_seed.sql instead, which loads all
-- 154 tables' data in a verified-safe per-table order. This file exists so you
-- can find/read/diff "what's the seed data for Products & Markets" without wading through
-- the combined file.
--
-- Tables in this file (20): commodity_type, deal_type, exchange, lookup_category, lookup_value, metal_shape, reporting_group, settlement_type, commodity, agri_crop_year_lifecycle, commodity_family, market, metal_brand, price_index, product, commodity_grade_standard, agri_moisture_discount_scale, metal_assay_component_rule, product_spec_template, metal_warrant
-- =============================================================================

SET ANSI_NULLS ON
GO
SET QUOTED_IDENTIFIER ON
GO

SET IDENTITY_INSERT [dbo].[commodity_type] ON 

INSERT [dbo].[commodity_type] ([commodity_type_id], [type_code], [type_name], [description], [sort_order], [is_active], [created_at], [created_by], [updated_at], [updated_by]) VALUES (1, N'OIL', N'Oil', N'Crude oil and refined petroleum products.', 1, 1, CAST(N'2026-07-12T11:19:50.2507307' AS DateTime2), N'SYSTEM', CAST(N'2026-07-12T11:19:50.2507307' AS DateTime2), N'SYSTEM')
INSERT [dbo].[commodity_type] ([commodity_type_id], [type_code], [type_name], [description], [sort_order], [is_active], [created_at], [created_by], [updated_at], [updated_by]) VALUES (2, N'GAS', N'Gas', N'Pipeline natural gas.', 2, 1, CAST(N'2026-07-12T11:19:50.2507307' AS DateTime2), N'SYSTEM', CAST(N'2026-07-12T11:19:50.2507307' AS DateTime2), N'SYSTEM')
INSERT [dbo].[commodity_type] ([commodity_type_id], [type_code], [type_name], [description], [sort_order], [is_active], [created_at], [created_by], [updated_at], [updated_by]) VALUES (3, N'POWER', N'Power', N'Wholesale electricity.', 3, 1, CAST(N'2026-07-12T11:19:50.2507307' AS DateTime2), N'SYSTEM', CAST(N'2026-07-12T11:19:50.2507307' AS DateTime2), N'SYSTEM')
INSERT [dbo].[commodity_type] ([commodity_type_id], [type_code], [type_name], [description], [sort_order], [is_active], [created_at], [created_by], [updated_at], [updated_by]) VALUES (4, N'LNG', N'LNG', N'Liquefied natural gas.', 4, 1, CAST(N'2026-07-12T11:19:50.2507307' AS DateTime2), N'SYSTEM', CAST(N'2026-07-12T11:19:50.2507307' AS DateTime2), N'SYSTEM')
INSERT [dbo].[commodity_type] ([commodity_type_id], [type_code], [type_name], [description], [sort_order], [is_active], [created_at], [created_by], [updated_at], [updated_by]) VALUES (5, N'AGRICULTURAL', N'Agricultural', N'Grains, oilseeds, and soft commodities.', 5, 1, CAST(N'2026-07-12T11:19:50.2507307' AS DateTime2), N'SYSTEM', CAST(N'2026-07-12T11:19:50.2507307' AS DateTime2), N'SYSTEM')
INSERT [dbo].[commodity_type] ([commodity_type_id], [type_code], [type_name], [description], [sort_order], [is_active], [created_at], [created_by], [updated_at], [updated_by]) VALUES (6, N'METALS', N'Metals', N'Base and precious metals.', 6, 1, CAST(N'2026-07-12T11:19:50.2507307' AS DateTime2), N'SYSTEM', CAST(N'2026-07-12T11:19:50.2507307' AS DateTime2), N'SYSTEM')
INSERT [dbo].[commodity_type] ([commodity_type_id], [type_code], [type_name], [description], [sort_order], [is_active], [created_at], [created_by], [updated_at], [updated_by]) VALUES (7, N'FREIGHT', N'Freight', N'Vessel charter and freight contracts.', 7, 1, CAST(N'2026-07-12T11:19:50.2507307' AS DateTime2), N'SYSTEM', CAST(N'2026-07-12T11:19:50.2507307' AS DateTime2), N'SYSTEM')
INSERT [dbo].[commodity_type] ([commodity_type_id], [type_code], [type_name], [description], [sort_order], [is_active], [created_at], [created_by], [updated_at], [updated_by]) VALUES (8, N'RINS', N'RINs', N'Renewable Identification Numbers (RFS).', 8, 1, CAST(N'2026-07-12T11:19:50.2507307' AS DateTime2), N'SYSTEM', CAST(N'2026-07-12T11:19:50.2507307' AS DateTime2), N'SYSTEM')
INSERT [dbo].[commodity_type] ([commodity_type_id], [type_code], [type_name], [description], [sort_order], [is_active], [created_at], [created_by], [updated_at], [updated_by]) VALUES (9, N'ENVIRONMENTAL', N'Environmental', N'Emissions, carbon, and environmental products.', 9, 1, CAST(N'2026-07-12T11:19:50.2507307' AS DateTime2), N'SYSTEM', CAST(N'2026-07-12T11:19:50.2507307' AS DateTime2), N'SYSTEM')
INSERT [dbo].[commodity_type] ([commodity_type_id], [type_code], [type_name], [description], [sort_order], [is_active], [created_at], [created_by], [updated_at], [updated_by]) VALUES (10, N'MULTI', N'Multi-Commodity', N'Spans more than one commodity sector.', 10, 1, CAST(N'2026-07-12T11:19:50.2507307' AS DateTime2), N'SYSTEM', CAST(N'2026-07-12T11:19:50.2507307' AS DateTime2), N'SYSTEM')
INSERT [dbo].[commodity_type] ([commodity_type_id], [type_code], [type_name], [description], [sort_order], [is_active], [created_at], [created_by], [updated_at], [updated_by]) VALUES (11, N'OTHER', N'Other', N'Sector not covered by the classifications above.', 11, 1, CAST(N'2026-07-12T11:19:50.2507307' AS DateTime2), N'SYSTEM', CAST(N'2026-07-12T11:19:50.2507307' AS DateTime2), N'SYSTEM')
SET IDENTITY_INSERT [dbo].[commodity_type] OFF

SET IDENTITY_INSERT [dbo].[deal_type] ON 

INSERT [dbo].[deal_type] ([deal_type_id], [type_code], [type_name], [description], [sort_order], [is_active], [created_at], [created_by], [updated_at], [updated_by]) VALUES (1, N'PHYSICAL', N'Physical', N'Physical commodity delivery trade', 1, 1, CAST(N'2026-07-12T11:19:45.1539398' AS DateTime2), N'SYSTEM', CAST(N'2026-07-12T11:19:45.1539398' AS DateTime2), N'SYSTEM')
INSERT [dbo].[deal_type] ([deal_type_id], [type_code], [type_name], [description], [sort_order], [is_active], [created_at], [created_by], [updated_at], [updated_by]) VALUES (2, N'FINANCIAL', N'Financial', N'Financial / paper trade with no physical leg', 2, 1, CAST(N'2026-07-12T11:19:45.1539398' AS DateTime2), N'SYSTEM', CAST(N'2026-07-12T11:19:45.1539398' AS DateTime2), N'SYSTEM')
INSERT [dbo].[deal_type] ([deal_type_id], [type_code], [type_name], [description], [sort_order], [is_active], [created_at], [created_by], [updated_at], [updated_by]) VALUES (3, N'OPTION', N'Option', N'Options contract — call or put', 3, 1, CAST(N'2026-07-12T11:19:45.1539398' AS DateTime2), N'SYSTEM', CAST(N'2026-07-12T11:19:45.1539398' AS DateTime2), N'SYSTEM')
INSERT [dbo].[deal_type] ([deal_type_id], [type_code], [type_name], [description], [sort_order], [is_active], [created_at], [created_by], [updated_at], [updated_by]) VALUES (4, N'FREIGHT', N'Freight', N'Vessel charter or freight contract', 4, 1, CAST(N'2026-07-12T11:19:45.1539398' AS DateTime2), N'SYSTEM', CAST(N'2026-07-12T11:19:45.1539398' AS DateTime2), N'SYSTEM')
SET IDENTITY_INSERT [dbo].[deal_type] OFF

SET IDENTITY_INSERT [dbo].[exchange] ON 

INSERT [dbo].[exchange] ([exchange_id], [exchange_code], [exchange_name], [exchange_type], [city], [timezone], [currency_id], [regulator], [regulatory_code], [mic_code], [website], [is_active], [notes], [created_at], [created_by], [updated_at], [updated_by], [country_id]) VALUES (1, N'ICE', N'Intercontinental Exchange', N'EXCHANGE', N'London', N'Europe/London', 3, N'FCA', NULL, N'IFLL', NULL, 1, NULL, CAST(N'2026-07-12T11:19:43.6826335' AS DateTime2), N'SYSTEM', CAST(N'2026-07-12T11:19:43.6826335' AS DateTime2), N'SYSTEM', 1)
INSERT [dbo].[exchange] ([exchange_id], [exchange_code], [exchange_name], [exchange_type], [city], [timezone], [currency_id], [regulator], [regulatory_code], [mic_code], [website], [is_active], [notes], [created_at], [created_by], [updated_at], [updated_by], [country_id]) VALUES (2, N'NYMEX', N'New York Mercantile Exchange', N'EXCHANGE', N'New York', N'America/New_York', 1, N'CFTC', NULL, N'XNYM', NULL, 1, NULL, CAST(N'2026-07-12T11:19:43.6826335' AS DateTime2), N'SYSTEM', CAST(N'2026-07-12T11:19:43.6826335' AS DateTime2), N'SYSTEM', 2)
INSERT [dbo].[exchange] ([exchange_id], [exchange_code], [exchange_name], [exchange_type], [city], [timezone], [currency_id], [regulator], [regulatory_code], [mic_code], [website], [is_active], [notes], [created_at], [created_by], [updated_at], [updated_by], [country_id]) VALUES (3, N'CME', N'Chicago Mercantile Exchange', N'EXCHANGE', N'Chicago', N'America/Chicago', 1, N'CFTC', NULL, N'XCME', NULL, 1, NULL, CAST(N'2026-07-12T11:19:43.6826335' AS DateTime2), N'SYSTEM', CAST(N'2026-07-12T11:19:43.6826335' AS DateTime2), N'SYSTEM', 2)
INSERT [dbo].[exchange] ([exchange_id], [exchange_code], [exchange_name], [exchange_type], [city], [timezone], [currency_id], [regulator], [regulatory_code], [mic_code], [website], [is_active], [notes], [created_at], [created_by], [updated_at], [updated_by], [country_id]) VALUES (4, N'LME', N'London Metal Exchange', N'EXCHANGE', N'London', N'Europe/London', 1, N'FCA', NULL, N'XLME', NULL, 1, NULL, CAST(N'2026-07-12T11:19:43.6826335' AS DateTime2), N'SYSTEM', CAST(N'2026-07-12T11:19:43.6826335' AS DateTime2), N'SYSTEM', 1)
INSERT [dbo].[exchange] ([exchange_id], [exchange_code], [exchange_name], [exchange_type], [city], [timezone], [currency_id], [regulator], [regulatory_code], [mic_code], [website], [is_active], [notes], [created_at], [created_by], [updated_at], [updated_by], [country_id]) VALUES (5, N'EEX', N'European Energy Exchange', N'EXCHANGE', N'Leipzig', N'Europe/Berlin', 2, N'BaFin', NULL, N'XEEE', NULL, 1, NULL, CAST(N'2026-07-12T11:19:43.6826335' AS DateTime2), N'SYSTEM', CAST(N'2026-07-12T11:19:43.6826335' AS DateTime2), N'SYSTEM', 4)
INSERT [dbo].[exchange] ([exchange_id], [exchange_code], [exchange_name], [exchange_type], [city], [timezone], [currency_id], [regulator], [regulatory_code], [mic_code], [website], [is_active], [notes], [created_at], [created_by], [updated_at], [updated_by], [country_id]) VALUES (6, N'CBOT', N'Chicago Board of Trade', N'EXCHANGE', N'Chicago', N'America/Chicago', 1, N'CFTC', NULL, N'XCBT', NULL, 1, NULL, CAST(N'2026-07-12T11:19:43.6826335' AS DateTime2), N'SYSTEM', CAST(N'2026-07-12T11:19:43.6826335' AS DateTime2), N'SYSTEM', 2)
INSERT [dbo].[exchange] ([exchange_id], [exchange_code], [exchange_name], [exchange_type], [city], [timezone], [currency_id], [regulator], [regulatory_code], [mic_code], [website], [is_active], [notes], [created_at], [created_by], [updated_at], [updated_by], [country_id]) VALUES (7, N'SGX', N'Singapore Exchange', N'EXCHANGE', N'Singapore', N'Asia/Singapore', 1, N'MAS', NULL, N'XSES', NULL, 1, NULL, CAST(N'2026-07-12T11:19:43.6826335' AS DateTime2), N'SYSTEM', CAST(N'2026-07-12T11:19:43.6826335' AS DateTime2), N'SYSTEM', 8)
INSERT [dbo].[exchange] ([exchange_id], [exchange_code], [exchange_name], [exchange_type], [city], [timezone], [currency_id], [regulator], [regulatory_code], [mic_code], [website], [is_active], [notes], [created_at], [created_by], [updated_at], [updated_by], [country_id]) VALUES (8, N'ICAP', N'ICAP OTC Platform', N'OTC_PLATFORM', N'London', N'Europe/London', 1, N'FCA', NULL, NULL, NULL, 1, NULL, CAST(N'2026-07-12T11:19:43.6826335' AS DateTime2), N'SYSTEM', CAST(N'2026-07-12T11:19:43.6826335' AS DateTime2), N'SYSTEM', 1)
INSERT [dbo].[exchange] ([exchange_id], [exchange_code], [exchange_name], [exchange_type], [city], [timezone], [currency_id], [regulator], [regulatory_code], [mic_code], [website], [is_active], [notes], [created_at], [created_by], [updated_at], [updated_by], [country_id]) VALUES (9, N'TRAD', N'Tradition OTC Platform', N'OTC_PLATFORM', N'London', N'Europe/London', 1, N'FCA', NULL, NULL, NULL, 1, NULL, CAST(N'2026-07-12T11:19:43.6826335' AS DateTime2), N'SYSTEM', CAST(N'2026-07-12T11:19:43.6826335' AS DateTime2), N'SYSTEM', 1)
SET IDENTITY_INSERT [dbo].[exchange] OFF

SET IDENTITY_INSERT [dbo].[lookup_category] ON 

INSERT [dbo].[lookup_category] ([category_id], [category_code], [category_name], [description], [sort_order], [is_active], [created_at], [created_by], [updated_at], [updated_by]) VALUES (1, N'BREACH_ACTION', N'BREACH_ACTION', NULL, 0, 1, CAST(N'2026-07-12T11:19:50.5167100' AS DateTime2), N'SYSTEM', CAST(N'2026-07-12T11:19:50.5167100' AS DateTime2), N'SYSTEM')
INSERT [dbo].[lookup_category] ([category_id], [category_code], [category_name], [description], [sort_order], [is_active], [created_at], [created_by], [updated_at], [updated_by]) VALUES (3, N'COUNTRY_RISK_RATING', N'COUNTRY_RISK_RATING', NULL, 0, 1, CAST(N'2026-07-12T11:19:50.5167100' AS DateTime2), N'SYSTEM', CAST(N'2026-07-12T11:19:50.5167100' AS DateTime2), N'SYSTEM')
INSERT [dbo].[lookup_category] ([category_id], [category_code], [category_name], [description], [sort_order], [is_active], [created_at], [created_by], [updated_at], [updated_by]) VALUES (4, N'CREDIT_ALERT_TYPE', N'CREDIT_ALERT_TYPE', NULL, 0, 1, CAST(N'2026-07-12T11:19:50.5167100' AS DateTime2), N'SYSTEM', CAST(N'2026-07-12T11:19:50.5167100' AS DateTime2), N'SYSTEM')
INSERT [dbo].[lookup_category] ([category_id], [category_code], [category_name], [description], [sort_order], [is_active], [created_at], [created_by], [updated_at], [updated_by]) VALUES (5, N'DEMURRAGE_BASIS', N'Demurrage Basis', N'How demurrage/dispatch is calculated across multiple load/discharge ports — reversible, non-reversible, averaged.', 0, 1, CAST(N'2026-07-12T11:19:50.5167100' AS DateTime2), N'SYSTEM', CAST(N'2026-07-12T11:19:50.5167100' AS DateTime2), N'SYSTEM')
INSERT [dbo].[lookup_category] ([category_id], [category_code], [category_name], [description], [sort_order], [is_active], [created_at], [created_by], [updated_at], [updated_by]) VALUES (9, N'GAS_DAY_TYPE', N'GAS_DAY_TYPE', NULL, 0, 1, CAST(N'2026-07-12T11:19:50.5167100' AS DateTime2), N'SYSTEM', CAST(N'2026-07-12T11:19:50.5167100' AS DateTime2), N'SYSTEM')
INSERT [dbo].[lookup_category] ([category_id], [category_code], [category_name], [description], [sort_order], [is_active], [created_at], [created_by], [updated_at], [updated_by]) VALUES (10, N'GL_ACCOUNT_TYPE', N'GL Account Type', N'General ledger account classification — revenue, cost, asset, liability, equity, P&L.', 0, 1, CAST(N'2026-07-12T11:19:50.5167100' AS DateTime2), N'SYSTEM', CAST(N'2026-07-12T11:19:50.5167100' AS DateTime2), N'SYSTEM')
INSERT [dbo].[lookup_category] ([category_id], [category_code], [category_name], [description], [sort_order], [is_active], [created_at], [created_by], [updated_at], [updated_by]) VALUES (11, N'GL_NORMAL_BALANCE', N'GL_NORMAL_BALANCE', NULL, 0, 1, CAST(N'2026-07-12T11:19:50.5167100' AS DateTime2), N'SYSTEM', CAST(N'2026-07-12T11:19:50.5167100' AS DateTime2), N'SYSTEM')
INSERT [dbo].[lookup_category] ([category_id], [category_code], [category_name], [description], [sort_order], [is_active], [created_at], [created_by], [updated_at], [updated_by]) VALUES (12, N'INSTRUMENT_CLASS', N'INSTRUMENT_CLASS', NULL, 0, 1, CAST(N'2026-07-12T11:19:50.5167100' AS DateTime2), N'SYSTEM', CAST(N'2026-07-12T11:19:50.5167100' AS DateTime2), N'SYSTEM')
INSERT [dbo].[lookup_category] ([category_id], [category_code], [category_name], [description], [sort_order], [is_active], [created_at], [created_by], [updated_at], [updated_by]) VALUES (13, N'INSTRUMENT_TYPE', N'Instrument Type', N'Trade instrument classification — physical, forward, futures, swap, option, storage/transport agreement.', 0, 1, CAST(N'2026-07-12T11:19:50.5167100' AS DateTime2), N'SYSTEM', CAST(N'2026-07-12T11:19:50.5167100' AS DateTime2), N'SYSTEM')
INSERT [dbo].[lookup_category] ([category_id], [category_code], [category_name], [description], [sort_order], [is_active], [created_at], [created_by], [updated_at], [updated_by]) VALUES (14, N'LIMIT_BASIS', N'LIMIT_BASIS', NULL, 0, 1, CAST(N'2026-07-12T11:19:50.5167100' AS DateTime2), N'SYSTEM', CAST(N'2026-07-12T11:19:50.5167100' AS DateTime2), N'SYSTEM')
INSERT [dbo].[lookup_category] ([category_id], [category_code], [category_name], [description], [sort_order], [is_active], [created_at], [created_by], [updated_at], [updated_by]) VALUES (15, N'LOAD_TYPE', N'LOAD_TYPE', NULL, 0, 1, CAST(N'2026-07-12T11:19:50.5167100' AS DateTime2), N'SYSTEM', CAST(N'2026-07-12T11:19:50.5167100' AS DateTime2), N'SYSTEM')
INSERT [dbo].[lookup_category] ([category_id], [category_code], [category_name], [description], [sort_order], [is_active], [created_at], [created_by], [updated_at], [updated_by]) VALUES (16, N'OPERATOR_TYPE', N'Operator Type', N'Transport operator roles — shipping line, ship manager, haulier, rail/pipeline/terminal operator.', 0, 1, CAST(N'2026-07-12T11:19:50.5167100' AS DateTime2), N'SYSTEM', CAST(N'2026-07-12T11:19:50.5167100' AS DateTime2), N'SYSTEM')
INSERT [dbo].[lookup_category] ([category_id], [category_code], [category_name], [description], [sort_order], [is_active], [created_at], [created_by], [updated_at], [updated_by]) VALUES (17, N'PRICE_ADJUSTMENT_TYPE', N'Price Adjustment Type', N'Order-level price adjustments — quality differentials, treatment/refining charges, tax, markup, FX.', 0, 1, CAST(N'2026-07-12T11:19:50.5167100' AS DateTime2), N'SYSTEM', CAST(N'2026-07-12T11:19:50.5167100' AS DateTime2), N'SYSTEM')
INSERT [dbo].[lookup_category] ([category_id], [category_code], [category_name], [description], [sort_order], [is_active], [created_at], [created_by], [updated_at], [updated_by]) VALUES (18, N'REPORTING_CLASSIFICATION_TYPE', N'Reporting Classification Type', N'Independent per-report classification axes for Reporting Groups — Position, VaR, Settlement/GL.', 0, 1, CAST(N'2026-07-12T11:19:50.5167100' AS DateTime2), N'SYSTEM', CAST(N'2026-07-12T11:19:50.5167100' AS DateTime2), N'SYSTEM')
INSERT [dbo].[lookup_category] ([category_id], [category_code], [category_name], [description], [sort_order], [is_active], [created_at], [created_by], [updated_at], [updated_by]) VALUES (19, N'REVIEW_OUTCOME', N'REVIEW_OUTCOME', NULL, 0, 1, CAST(N'2026-07-12T11:19:50.5167100' AS DateTime2), N'SYSTEM', CAST(N'2026-07-12T11:19:50.5167100' AS DateTime2), N'SYSTEM')
INSERT [dbo].[lookup_category] ([category_id], [category_code], [category_name], [description], [sort_order], [is_active], [created_at], [created_by], [updated_at], [updated_by]) VALUES (20, N'RIN_OBLIGATION_STATUS', N'RIN Obligation Status', N'RVO compliance obligation status — open, partially satisfied, satisfied, overdue.', 0, 1, CAST(N'2026-07-12T11:19:50.5167100' AS DateTime2), N'SYSTEM', CAST(N'2026-07-12T11:19:50.5167100' AS DateTime2), N'SYSTEM')
INSERT [dbo].[lookup_category] ([category_id], [category_code], [category_name], [description], [sort_order], [is_active], [created_at], [created_by], [updated_at], [updated_by]) VALUES (21, N'RIN_TRANSACTION_TYPE', N'RIN Transaction Type', N'RFS RIN lifecycle transaction types — generate, separate, transfer, retire.', 0, 1, CAST(N'2026-07-12T11:19:50.5167100' AS DateTime2), N'SYSTEM', CAST(N'2026-07-12T11:19:50.5167100' AS DateTime2), N'SYSTEM')
INSERT [dbo].[lookup_category] ([category_id], [category_code], [category_name], [description], [sort_order], [is_active], [created_at], [created_by], [updated_at], [updated_by]) VALUES (22, N'STORAGE_AGREEMENT_TYPE', N'Storage Agreement Type', N'Storage deal sub-types — tank lease, throughput, terminalling, working/cushion gas, LNG slot.', 0, 1, CAST(N'2026-07-12T11:19:50.5167100' AS DateTime2), N'SYSTEM', CAST(N'2026-07-12T11:19:50.5167100' AS DateTime2), N'SYSTEM')
INSERT [dbo].[lookup_category] ([category_id], [category_code], [category_name], [description], [sort_order], [is_active], [created_at], [created_by], [updated_at], [updated_by]) VALUES (23, N'TRANSPORT_AGREEMENT_TYPE', N'Transport Agreement Type', N'Transport deal sub-types — voyage/time/bareboat charter, COA, pipeline capacity, truck/rail/barge spot.', 0, 1, CAST(N'2026-07-12T11:19:50.5167100' AS DateTime2), N'SYSTEM', CAST(N'2026-07-12T11:19:50.5167100' AS DateTime2), N'SYSTEM')
SET IDENTITY_INSERT [dbo].[lookup_category] OFF

SET IDENTITY_INSERT [dbo].[lookup_value] ON 

INSERT [dbo].[lookup_value] ([lookup_id], [code], [display_name], [sort_order], [is_active], [notes], [category_id]) VALUES (12, N'REVENUE', N'Revenue', 10, 1, N'Income accounts — trade revenue, realised hedge gains, fee income.', 10)
INSERT [dbo].[lookup_value] ([lookup_id], [code], [display_name], [sort_order], [is_active], [notes], [category_id]) VALUES (13, N'COST', N'Cost', 20, 1, N'Expense accounts — COGS, transportation, storage, inspection.', 10)
INSERT [dbo].[lookup_value] ([lookup_id], [code], [display_name], [sort_order], [is_active], [notes], [category_id]) VALUES (14, N'ASSET', N'Asset', 30, 1, N'Balance sheet assets — receivables, margin deposits, prepayments.', 10)
INSERT [dbo].[lookup_value] ([lookup_id], [code], [display_name], [sort_order], [is_active], [notes], [category_id]) VALUES (15, N'LIABILITY', N'Liability', 40, 1, N'Balance sheet liabilities — payables, deferred revenue, collateral.', 10)
INSERT [dbo].[lookup_value] ([lookup_id], [code], [display_name], [sort_order], [is_active], [notes], [category_id]) VALUES (16, N'EQUITY', N'Equity', 50, 1, N'Equity and retained earnings accounts.', 10)
INSERT [dbo].[lookup_value] ([lookup_id], [code], [display_name], [sort_order], [is_active], [notes], [category_id]) VALUES (17, N'PNL', N'P&L', 60, 1, N'MTM and unrealised P&L — fair value of open positions.', 10)
INSERT [dbo].[lookup_value] ([lookup_id], [code], [display_name], [sort_order], [is_active], [notes], [category_id]) VALUES (18, N'GENERATE', N'Generate', 10, 1, N'Renewable fuel producer generates RINs with qualifying fuel batch.', 21)
INSERT [dbo].[lookup_value] ([lookup_id], [code], [display_name], [sort_order], [is_active], [notes], [category_id]) VALUES (19, N'SEPARATE', N'Separate', 20, 1, N'RINs detached from fuel batch for independent trading.', 21)
INSERT [dbo].[lookup_value] ([lookup_id], [code], [display_name], [sort_order], [is_active], [notes], [category_id]) VALUES (20, N'TRANSFER_BUY', N'Transfer — Buy', 30, 1, N'Purchase of separated RINs from another party via EPA EMTS.', 21)
INSERT [dbo].[lookup_value] ([lookup_id], [code], [display_name], [sort_order], [is_active], [notes], [category_id]) VALUES (21, N'TRANSFER_SELL', N'Transfer — Sell', 40, 1, N'Sale of separated RINs to another party via EPA EMTS.', 21)
INSERT [dbo].[lookup_value] ([lookup_id], [code], [display_name], [sort_order], [is_active], [notes], [category_id]) VALUES (22, N'RETIRE', N'Retire (Surrender)', 50, 1, N'Surrender to EPA EMTS to satisfy annual RVO. Irreversible.', 21)
INSERT [dbo].[lookup_value] ([lookup_id], [code], [display_name], [sort_order], [is_active], [notes], [category_id]) VALUES (23, N'OPEN', N'Open', 10, 1, N'RVO active, not yet fully satisfied.', 20)
INSERT [dbo].[lookup_value] ([lookup_id], [code], [display_name], [sort_order], [is_active], [notes], [category_id]) VALUES (24, N'PARTIALLY_SATISFIED', N'Partially Satisfied', 20, 1, N'Some RINs retired, shortfall remains.', 20)
INSERT [dbo].[lookup_value] ([lookup_id], [code], [display_name], [sort_order], [is_active], [notes], [category_id]) VALUES (25, N'SATISFIED', N'Satisfied', 30, 1, N'All required RINs retired to EPA EMTS.', 20)
INSERT [dbo].[lookup_value] ([lookup_id], [code], [display_name], [sort_order], [is_active], [notes], [category_id]) VALUES (26, N'OVERDUE', N'Overdue', 40, 1, N'Deadline passed without full compliance — civil penalties apply.', 20)
INSERT [dbo].[lookup_value] ([lookup_id], [code], [display_name], [sort_order], [is_active], [notes], [category_id]) VALUES (27, N'PHYSICAL', N'Physical Delivery', 1, 1, NULL, 13)
INSERT [dbo].[lookup_value] ([lookup_id], [code], [display_name], [sort_order], [is_active], [notes], [category_id]) VALUES (28, N'CERTIFICATE_TRANSFER', N'Certificate Transfer (Spot)', 2, 1, NULL, 13)
INSERT [dbo].[lookup_value] ([lookup_id], [code], [display_name], [sort_order], [is_active], [notes], [category_id]) VALUES (29, N'FORWARD', N'Forward (OTC)', 3, 1, NULL, 13)
INSERT [dbo].[lookup_value] ([lookup_id], [code], [display_name], [sort_order], [is_active], [notes], [category_id]) VALUES (30, N'FUTURES', N'Futures (Exchange)', 4, 1, NULL, 13)
INSERT [dbo].[lookup_value] ([lookup_id], [code], [display_name], [sort_order], [is_active], [notes], [category_id]) VALUES (31, N'SWAP_FIXED_FLOAT', N'Swap — Fixed / Float', 5, 1, NULL, 13)
INSERT [dbo].[lookup_value] ([lookup_id], [code], [display_name], [sort_order], [is_active], [notes], [category_id]) VALUES (32, N'SWAP_FLOAT_FLOAT', N'Swap — Float / Float (Basis)', 6, 1, NULL, 13)
INSERT [dbo].[lookup_value] ([lookup_id], [code], [display_name], [sort_order], [is_active], [notes], [category_id]) VALUES (33, N'OPTION_LISTED', N'Option — Listed (Exchange)', 7, 1, NULL, 13)
INSERT [dbo].[lookup_value] ([lookup_id], [code], [display_name], [sort_order], [is_active], [notes], [category_id]) VALUES (34, N'OPTION_OTC_AMERICAN', N'Option — OTC American', 8, 1, NULL, 13)
INSERT [dbo].[lookup_value] ([lookup_id], [code], [display_name], [sort_order], [is_active], [notes], [category_id]) VALUES (35, N'OPTION_OTC_ASIAN', N'Option — OTC Asian (APO)', 9, 1, NULL, 13)
INSERT [dbo].[lookup_value] ([lookup_id], [code], [display_name], [sort_order], [is_active], [notes], [category_id]) VALUES (36, N'OPTION_OTC_EUROPEAN', N'Option — OTC European', 10, 1, NULL, 13)
INSERT [dbo].[lookup_value] ([lookup_id], [code], [display_name], [sort_order], [is_active], [notes], [category_id]) VALUES (37, N'STORAGE_AGREEMENT', N'Storage Agreement', 11, 1, NULL, 13)
INSERT [dbo].[lookup_value] ([lookup_id], [code], [display_name], [sort_order], [is_active], [notes], [category_id]) VALUES (38, N'TRANSPORT_AGREEMENT', N'Transport Agreement', 12, 1, NULL, 13)
INSERT [dbo].[lookup_value] ([lookup_id], [code], [display_name], [sort_order], [is_active], [notes], [category_id]) VALUES (39, N'TANK_LEASE', N'Tank Lease', 1, 1, NULL, 22)
INSERT [dbo].[lookup_value] ([lookup_id], [code], [display_name], [sort_order], [is_active], [notes], [category_id]) VALUES (40, N'THROUGHPUT', N'Throughput Agreement', 2, 1, NULL, 22)
INSERT [dbo].[lookup_value] ([lookup_id], [code], [display_name], [sort_order], [is_active], [notes], [category_id]) VALUES (41, N'TERMINALLING', N'Terminalling Agreement', 3, 1, NULL, 22)
INSERT [dbo].[lookup_value] ([lookup_id], [code], [display_name], [sort_order], [is_active], [notes], [category_id]) VALUES (42, N'WORKING_GAS', N'Working Gas Storage', 4, 1, NULL, 22)
INSERT [dbo].[lookup_value] ([lookup_id], [code], [display_name], [sort_order], [is_active], [notes], [category_id]) VALUES (43, N'CUSHION_GAS', N'Cushion Gas', 5, 1, NULL, 22)
INSERT [dbo].[lookup_value] ([lookup_id], [code], [display_name], [sort_order], [is_active], [notes], [category_id]) VALUES (44, N'LNG_SLOT', N'LNG Tank Slot', 6, 1, NULL, 22)
INSERT [dbo].[lookup_value] ([lookup_id], [code], [display_name], [sort_order], [is_active], [notes], [category_id]) VALUES (45, N'REGASIFICATION', N'Regasification Slot', 7, 1, NULL, 22)
INSERT [dbo].[lookup_value] ([lookup_id], [code], [display_name], [sort_order], [is_active], [notes], [category_id]) VALUES (46, N'VOYAGE_CHARTER', N'Voyage Charter', 1, 1, NULL, 23)
INSERT [dbo].[lookup_value] ([lookup_id], [code], [display_name], [sort_order], [is_active], [notes], [category_id]) VALUES (47, N'TIME_CHARTER', N'Time Charter', 2, 1, NULL, 23)
INSERT [dbo].[lookup_value] ([lookup_id], [code], [display_name], [sort_order], [is_active], [notes], [category_id]) VALUES (48, N'BAREBOAT_CHARTER', N'Bareboat Charter', 3, 1, NULL, 23)
INSERT [dbo].[lookup_value] ([lookup_id], [code], [display_name], [sort_order], [is_active], [notes], [category_id]) VALUES (49, N'COA', N'Contract of Affreightment', 4, 1, NULL, 23)
INSERT [dbo].[lookup_value] ([lookup_id], [code], [display_name], [sort_order], [is_active], [notes], [category_id]) VALUES (50, N'PIPELINE_FIRM', N'Pipeline Firm Capacity', 5, 1, NULL, 23)
INSERT [dbo].[lookup_value] ([lookup_id], [code], [display_name], [sort_order], [is_active], [notes], [category_id]) VALUES (51, N'PIPELINE_INTERRUPTIBLE', N'Pipeline Interruptible', 6, 1, NULL, 23)
INSERT [dbo].[lookup_value] ([lookup_id], [code], [display_name], [sort_order], [is_active], [notes], [category_id]) VALUES (52, N'TRUCK_SPOT', N'Truck Spot', 7, 1, NULL, 23)
INSERT [dbo].[lookup_value] ([lookup_id], [code], [display_name], [sort_order], [is_active], [notes], [category_id]) VALUES (53, N'RAIL_SPOT', N'Rail Spot', 8, 1, NULL, 23)
INSERT [dbo].[lookup_value] ([lookup_id], [code], [display_name], [sort_order], [is_active], [notes], [category_id]) VALUES (54, N'BARGE_SPOT', N'Barge Spot', 9, 1, NULL, 23)
INSERT [dbo].[lookup_value] ([lookup_id], [code], [display_name], [sort_order], [is_active], [notes], [category_id]) VALUES (55, N'LNG_SLOT_CHARTER', N'LNG Slot Charter', 10, 1, NULL, 23)
INSERT [dbo].[lookup_value] ([lookup_id], [code], [display_name], [sort_order], [is_active], [notes], [category_id]) VALUES (56, N'API_GRAVITY', N'API Gravity Differential', 1, 1, NULL, 17)
INSERT [dbo].[lookup_value] ([lookup_id], [code], [display_name], [sort_order], [is_active], [notes], [category_id]) VALUES (57, N'DENSITY', N'Density Correction', 2, 1, NULL, 17)
INSERT [dbo].[lookup_value] ([lookup_id], [code], [display_name], [sort_order], [is_active], [notes], [category_id]) VALUES (58, N'HEAT_CONTENT', N'Heat Content / Calorific Value', 3, 1, NULL, 17)
INSERT [dbo].[lookup_value] ([lookup_id], [code], [display_name], [sort_order], [is_active], [notes], [category_id]) VALUES (59, N'SULFUR', N'Sulfur Premium / Discount', 4, 1, NULL, 17)
INSERT [dbo].[lookup_value] ([lookup_id], [code], [display_name], [sort_order], [is_active], [notes], [category_id]) VALUES (60, N'PROTEIN', N'Protein Content Adjustment', 5, 1, NULL, 17)
INSERT [dbo].[lookup_value] ([lookup_id], [code], [display_name], [sort_order], [is_active], [notes], [category_id]) VALUES (61, N'MOISTURE', N'Moisture Deduction', 6, 1, NULL, 17)
INSERT [dbo].[lookup_value] ([lookup_id], [code], [display_name], [sort_order], [is_active], [notes], [category_id]) VALUES (62, N'TEST_WEIGHT', N'Test Weight Adjustment', 7, 1, NULL, 17)
INSERT [dbo].[lookup_value] ([lookup_id], [code], [display_name], [sort_order], [is_active], [notes], [category_id]) VALUES (63, N'ASSAY', N'Assay / Payable Metal', 8, 1, NULL, 17)
INSERT [dbo].[lookup_value] ([lookup_id], [code], [display_name], [sort_order], [is_active], [notes], [category_id]) VALUES (64, N'TREATMENT_CHARGE', N'Treatment Charge (TC)', 9, 1, NULL, 17)
INSERT [dbo].[lookup_value] ([lookup_id], [code], [display_name], [sort_order], [is_active], [notes], [category_id]) VALUES (65, N'REFINING_CHARGE', N'Refining Charge (RC)', 10, 1, NULL, 17)
INSERT [dbo].[lookup_value] ([lookup_id], [code], [display_name], [sort_order], [is_active], [notes], [category_id]) VALUES (66, N'QUALITY_PREMIUM', N'Quality Premium', 11, 1, NULL, 17)
INSERT [dbo].[lookup_value] ([lookup_id], [code], [display_name], [sort_order], [is_active], [notes], [category_id]) VALUES (67, N'QUALITY_DISCOUNT', N'Quality Discount', 12, 1, NULL, 17)
INSERT [dbo].[lookup_value] ([lookup_id], [code], [display_name], [sort_order], [is_active], [notes], [category_id]) VALUES (68, N'TAX', N'Tax', 13, 1, NULL, 17)
INSERT [dbo].[lookup_value] ([lookup_id], [code], [display_name], [sort_order], [is_active], [notes], [category_id]) VALUES (69, N'MARKUP', N'Commercial Markup', 14, 1, NULL, 17)
INSERT [dbo].[lookup_value] ([lookup_id], [code], [display_name], [sort_order], [is_active], [notes], [category_id]) VALUES (70, N'FX_DIFFERENTIAL', N'FX Differential', 15, 1, NULL, 17)
INSERT [dbo].[lookup_value] ([lookup_id], [code], [display_name], [sort_order], [is_active], [notes], [category_id]) VALUES (71, N'REVERSIBLE', N'Reversible (combined pool)', 1, 1, NULL, 5)
INSERT [dbo].[lookup_value] ([lookup_id], [code], [display_name], [sort_order], [is_active], [notes], [category_id]) VALUES (72, N'NON_REVERSIBLE', N'Non-Reversible (per-port allowance)', 2, 1, NULL, 5)
INSERT [dbo].[lookup_value] ([lookup_id], [code], [display_name], [sort_order], [is_active], [notes], [category_id]) VALUES (73, N'AVERAGED', N'Averaged', 3, 1, NULL, 5)
INSERT [dbo].[lookup_value] ([lookup_id], [code], [display_name], [sort_order], [is_active], [notes], [category_id]) VALUES (74, N'DIRECT', N'Direct', 10, 1, N'Limit granted directly on the counterparty''s own credit standing.', 14)
INSERT [dbo].[lookup_value] ([lookup_id], [code], [display_name], [sort_order], [is_active], [notes], [category_id]) VALUES (75, N'ALLOCATED', N'Allocated', 20, 1, N'Carved out of a parent / group limit.', 14)
INSERT [dbo].[lookup_value] ([lookup_id], [code], [display_name], [sort_order], [is_active], [notes], [category_id]) VALUES (76, N'PHYSICAL', N'Physical', 10, 1, N'Physical delivery deals.', 12)
INSERT [dbo].[lookup_value] ([lookup_id], [code], [display_name], [sort_order], [is_active], [notes], [category_id]) VALUES (77, N'FUTURES', N'Futures', 20, 1, N'Exchange-traded futures — margined, lower risk weight.', 12)
INSERT [dbo].[lookup_value] ([lookup_id], [code], [display_name], [sort_order], [is_active], [notes], [category_id]) VALUES (78, N'FORWARDS', N'Forwards', 30, 1, N'OTC forwards.', 12)
INSERT [dbo].[lookup_value] ([lookup_id], [code], [display_name], [sort_order], [is_active], [notes], [category_id]) VALUES (79, N'SWAPS', N'Swaps', 40, 1, N'Fixed/float and basis swaps.', 12)
INSERT [dbo].[lookup_value] ([lookup_id], [code], [display_name], [sort_order], [is_active], [notes], [category_id]) VALUES (80, N'OPTIONS', N'Options', 50, 1, N'Listed and OTC options.', 12)
INSERT [dbo].[lookup_value] ([lookup_id], [code], [display_name], [sort_order], [is_active], [notes], [category_id]) VALUES (81, N'STORAGE_TRANSPORT', N'Storage & Transport', 60, 1, N'Storage and transport agreement deals.', 12)
INSERT [dbo].[lookup_value] ([lookup_id], [code], [display_name], [sort_order], [is_active], [notes], [category_id]) VALUES (82, N'ALERT_ONLY', N'Alert Only', 10, 1, N'Notify credit and desk; trading continues.', 1)
INSERT [dbo].[lookup_value] ([lookup_id], [code], [display_name], [sort_order], [is_active], [notes], [category_id]) VALUES (83, N'BLOCK_NEW_TRADES', N'Block New Trades', 20, 1, N'Existing book stands; new deals with this counterparty blocked.', 1)
INSERT [dbo].[lookup_value] ([lookup_id], [code], [display_name], [sort_order], [is_active], [notes], [category_id]) VALUES (84, N'BLOCK_ALL', N'Block All', 30, 1, N'Full trading halt pending credit committee decision.', 1)
INSERT [dbo].[lookup_value] ([lookup_id], [code], [display_name], [sort_order], [is_active], [notes], [category_id]) VALUES (85, N'MAINTAIN', N'Maintain', 10, 1, N'Limit confirmed at current level.', 19)
INSERT [dbo].[lookup_value] ([lookup_id], [code], [display_name], [sort_order], [is_active], [notes], [category_id]) VALUES (86, N'INCREASE', N'Increase', 20, 1, N'Limit raised following review.', 19)
INSERT [dbo].[lookup_value] ([lookup_id], [code], [display_name], [sort_order], [is_active], [notes], [category_id]) VALUES (87, N'DECREASE', N'Decrease', 30, 1, N'Limit reduced following review.', 19)
INSERT [dbo].[lookup_value] ([lookup_id], [code], [display_name], [sort_order], [is_active], [notes], [category_id]) VALUES (88, N'SUSPEND', N'Suspend', 40, 1, N'Limit suspended pending further information.', 19)
INSERT [dbo].[lookup_value] ([lookup_id], [code], [display_name], [sort_order], [is_active], [notes], [category_id]) VALUES (89, N'ESCALATE', N'Escalate', 50, 1, N'Escalated to credit committee.', 19)
INSERT [dbo].[lookup_value] ([lookup_id], [code], [display_name], [sort_order], [is_active], [notes], [category_id]) VALUES (90, N'WARNING_THRESHOLD', N'Warning Threshold', 10, 1, N'Utilisation crossed the warning percentage.', 4)
INSERT [dbo].[lookup_value] ([lookup_id], [code], [display_name], [sort_order], [is_active], [notes], [category_id]) VALUES (91, N'CRITICAL_THRESHOLD', N'Critical Threshold', 20, 1, N'Utilisation crossed the critical percentage.', 4)
INSERT [dbo].[lookup_value] ([lookup_id], [code], [display_name], [sort_order], [is_active], [notes], [category_id]) VALUES (92, N'BREACH', N'Breach', 30, 1, N'Utilisation at or above 100 percent of the limit.', 4)
INSERT [dbo].[lookup_value] ([lookup_id], [code], [display_name], [sort_order], [is_active], [notes], [category_id]) VALUES (93, N'REVIEW_DUE', N'Review Due', 40, 1, N'Scheduled credit review date reached.', 4)
INSERT [dbo].[lookup_value] ([lookup_id], [code], [display_name], [sort_order], [is_active], [notes], [category_id]) VALUES (94, N'EXPIRY_APPROACHING', N'Expiry Approaching', 50, 1, N'Limit expiry within the notice window.', 4)
INSERT [dbo].[lookup_value] ([lookup_id], [code], [display_name], [sort_order], [is_active], [notes], [category_id]) VALUES (95, N'STATUS_CHANGE', N'Status Change', 60, 1, N'Limit suspended, reinstated or cancelled.', 4)
INSERT [dbo].[lookup_value] ([lookup_id], [code], [display_name], [sort_order], [is_active], [notes], [category_id]) VALUES (96, N'LOW', N'Low', 10, 1, N'OECD stable — full limit capacity.', 3)
INSERT [dbo].[lookup_value] ([lookup_id], [code], [display_name], [sort_order], [is_active], [notes], [category_id]) VALUES (97, N'MEDIUM', N'Medium', 20, 1, N'Emerging market — standard monitoring.', 3)
INSERT [dbo].[lookup_value] ([lookup_id], [code], [display_name], [sort_order], [is_active], [notes], [category_id]) VALUES (98, N'HIGH', N'High', 30, 1, N'Elevated sovereign / transfer risk — reduced tenor.', 3)
INSERT [dbo].[lookup_value] ([lookup_id], [code], [display_name], [sort_order], [is_active], [notes], [category_id]) VALUES (99, N'SEVERE', N'Severe', 40, 1, N'Sanctions exposure or acute distress — case by case.', 3)
INSERT [dbo].[lookup_value] ([lookup_id], [code], [display_name], [sort_order], [is_active], [notes], [category_id]) VALUES (100, N'DEBIT', N'Debit', 10, 1, N'Assets and expenses — a debit increases the balance.', 11)
INSERT [dbo].[lookup_value] ([lookup_id], [code], [display_name], [sort_order], [is_active], [notes], [category_id]) VALUES (101, N'CREDIT', N'Credit', 20, 1, N'Liabilities, equity, and revenue — a credit increases the balance.', 11)
INSERT [dbo].[lookup_value] ([lookup_id], [code], [display_name], [sort_order], [is_active], [notes], [category_id]) VALUES (119, N'BASE', N'Base (all hours)', 1, 1, NULL, 15)
INSERT [dbo].[lookup_value] ([lookup_id], [code], [display_name], [sort_order], [is_active], [notes], [category_id]) VALUES (120, N'PEAK', N'Peak', 2, 1, NULL, 15)
INSERT [dbo].[lookup_value] ([lookup_id], [code], [display_name], [sort_order], [is_active], [notes], [category_id]) VALUES (121, N'OFF_PEAK', N'Off-Peak', 3, 1, NULL, 15)
INSERT [dbo].[lookup_value] ([lookup_id], [code], [display_name], [sort_order], [is_active], [notes], [category_id]) VALUES (122, N'EXTENDED_PEAK', N'Extended Peak', 4, 1, NULL, 15)
INSERT [dbo].[lookup_value] ([lookup_id], [code], [display_name], [sort_order], [is_active], [notes], [category_id]) VALUES (123, N'OVERNIGHT', N'Overnight', 5, 1, NULL, 15)
INSERT [dbo].[lookup_value] ([lookup_id], [code], [display_name], [sort_order], [is_active], [notes], [category_id]) VALUES (124, N'GAS_DAY', N'Standard Gas Day (06:00-06:00)', 1, 1, NULL, 9)
INSERT [dbo].[lookup_value] ([lookup_id], [code], [display_name], [sort_order], [is_active], [notes], [category_id]) VALUES (125, N'WITHIN_DAY', N'Within-Day', 2, 1, NULL, 9)
INSERT [dbo].[lookup_value] ([lookup_id], [code], [display_name], [sort_order], [is_active], [notes], [category_id]) VALUES (126, N'DAY_AHEAD', N'Day-Ahead', 3, 1, NULL, 9)
INSERT [dbo].[lookup_value] ([lookup_id], [code], [display_name], [sort_order], [is_active], [notes], [category_id]) VALUES (127, N'WEEKEND', N'Weekend', 4, 1, NULL, 9)
GO
INSERT [dbo].[lookup_value] ([lookup_id], [code], [display_name], [sort_order], [is_active], [notes], [category_id]) VALUES (128, N'POSITION', N'Position Reporting', 1, 1, NULL, 18)
INSERT [dbo].[lookup_value] ([lookup_id], [code], [display_name], [sort_order], [is_active], [notes], [category_id]) VALUES (129, N'VAR', N'VaR / Risk', 2, 1, NULL, 18)
INSERT [dbo].[lookup_value] ([lookup_id], [code], [display_name], [sort_order], [is_active], [notes], [category_id]) VALUES (130, N'SETTLEMENT', N'Settlement / GL', 3, 1, NULL, 18)
INSERT [dbo].[lookup_value] ([lookup_id], [code], [display_name], [sort_order], [is_active], [notes], [category_id]) VALUES (131, N'SHIPPING_LINE', N'Shipping Line', 1, 1, NULL, 16)
INSERT [dbo].[lookup_value] ([lookup_id], [code], [display_name], [sort_order], [is_active], [notes], [category_id]) VALUES (132, N'SHIP_MANAGER', N'Ship Manager', 2, 1, NULL, 16)
INSERT [dbo].[lookup_value] ([lookup_id], [code], [display_name], [sort_order], [is_active], [notes], [category_id]) VALUES (133, N'HAULIER', N'Haulier', 3, 1, NULL, 16)
INSERT [dbo].[lookup_value] ([lookup_id], [code], [display_name], [sort_order], [is_active], [notes], [category_id]) VALUES (134, N'RAIL_OPERATOR', N'Rail Operator', 4, 1, NULL, 16)
INSERT [dbo].[lookup_value] ([lookup_id], [code], [display_name], [sort_order], [is_active], [notes], [category_id]) VALUES (135, N'PIPELINE_TSO', N'Pipeline TSO', 5, 1, NULL, 16)
INSERT [dbo].[lookup_value] ([lookup_id], [code], [display_name], [sort_order], [is_active], [notes], [category_id]) VALUES (136, N'TERMINAL_OP', N'Terminal Operator', 6, 1, NULL, 16)
INSERT [dbo].[lookup_value] ([lookup_id], [code], [display_name], [sort_order], [is_active], [notes], [category_id]) VALUES (137, N'MULTI_MODAL', N'Multi-Modal', 7, 1, NULL, 16)
INSERT [dbo].[lookup_value] ([lookup_id], [code], [display_name], [sort_order], [is_active], [notes], [category_id]) VALUES (138, N'OTHER', N'Other', 8, 1, NULL, 16)
SET IDENTITY_INSERT [dbo].[lookup_value] OFF

SET IDENTITY_INSERT [dbo].[metal_shape] ON 

INSERT [dbo].[metal_shape] ([metal_shape_id], [type_code], [type_name], [description], [sort_order], [is_active], [created_at], [created_by], [updated_at], [updated_by]) VALUES (1, N'CATHODE', N'Cathode', N'Standard refined metal cathode — copper, zinc.', 1, 1, CAST(N'2026-07-12T11:19:50.1157345' AS DateTime2), N'SYSTEM', CAST(N'2026-07-12T11:19:50.1157345' AS DateTime2), N'SYSTEM')
INSERT [dbo].[metal_shape] ([metal_shape_id], [type_code], [type_name], [description], [sort_order], [is_active], [created_at], [created_by], [updated_at], [updated_by]) VALUES (2, N'CATHODE_FULL_PLATE', N'Cathode (Full Plate)', N'Full-plate cathode form, as distinct from cut cathode.', 2, 1, CAST(N'2026-07-12T11:19:50.1157345' AS DateTime2), N'SYSTEM', CAST(N'2026-07-12T11:19:50.1157345' AS DateTime2), N'SYSTEM')
INSERT [dbo].[metal_shape] ([metal_shape_id], [type_code], [type_name], [description], [sort_order], [is_active], [created_at], [created_by], [updated_at], [updated_by]) VALUES (3, N'INGOT', N'Ingot', N'Cast metal ingot — aluminium, lead, zinc, tin.', 3, 1, CAST(N'2026-07-12T11:19:50.1157345' AS DateTime2), N'SYSTEM', CAST(N'2026-07-12T11:19:50.1157345' AS DateTime2), N'SYSTEM')
INSERT [dbo].[metal_shape] ([metal_shape_id], [type_code], [type_name], [description], [sort_order], [is_active], [created_at], [created_by], [updated_at], [updated_by]) VALUES (4, N'WIRE_ROD', N'Wire Rod', N'Drawn wire rod — copper, aluminium.', 4, 1, CAST(N'2026-07-12T11:19:50.1157345' AS DateTime2), N'SYSTEM', CAST(N'2026-07-12T11:19:50.1157345' AS DateTime2), N'SYSTEM')
INSERT [dbo].[metal_shape] ([metal_shape_id], [type_code], [type_name], [description], [sort_order], [is_active], [created_at], [created_by], [updated_at], [updated_by]) VALUES (5, N'PIG', N'Pig', N'Pig-cast metal form.', 5, 1, CAST(N'2026-07-12T11:19:50.1157345' AS DateTime2), N'SYSTEM', CAST(N'2026-07-12T11:19:50.1157345' AS DateTime2), N'SYSTEM')
INSERT [dbo].[metal_shape] ([metal_shape_id], [type_code], [type_name], [description], [sort_order], [is_active], [created_at], [created_by], [updated_at], [updated_by]) VALUES (6, N'BAR', N'Bar', N'Bar-cast metal form.', 6, 1, CAST(N'2026-07-12T11:19:50.1157345' AS DateTime2), N'SYSTEM', CAST(N'2026-07-12T11:19:50.1157345' AS DateTime2), N'SYSTEM')
INSERT [dbo].[metal_shape] ([metal_shape_id], [type_code], [type_name], [description], [sort_order], [is_active], [created_at], [created_by], [updated_at], [updated_by]) VALUES (7, N'GRANULES', N'Granules', N'Granulated metal form.', 7, 1, CAST(N'2026-07-12T11:19:50.1157345' AS DateTime2), N'SYSTEM', CAST(N'2026-07-12T11:19:50.1157345' AS DateTime2), N'SYSTEM')
INSERT [dbo].[metal_shape] ([metal_shape_id], [type_code], [type_name], [description], [sort_order], [is_active], [created_at], [created_by], [updated_at], [updated_by]) VALUES (8, N'BRIQUETTE', N'Briquette', N'Compressed briquette form.', 8, 1, CAST(N'2026-07-12T11:19:50.1157345' AS DateTime2), N'SYSTEM', CAST(N'2026-07-12T11:19:50.1157345' AS DateTime2), N'SYSTEM')
INSERT [dbo].[metal_shape] ([metal_shape_id], [type_code], [type_name], [description], [sort_order], [is_active], [created_at], [created_by], [updated_at], [updated_by]) VALUES (9, N'SLAB', N'Slab', N'Slab-cast metal form — aluminium, steel.', 9, 1, CAST(N'2026-07-12T11:19:50.1157345' AS DateTime2), N'SYSTEM', CAST(N'2026-07-12T11:19:50.1157345' AS DateTime2), N'SYSTEM')
INSERT [dbo].[metal_shape] ([metal_shape_id], [type_code], [type_name], [description], [sort_order], [is_active], [created_at], [created_by], [updated_at], [updated_by]) VALUES (10, N'OTHER', N'Other', N'Physical form not covered by the standard classifications above.', 10, 1, CAST(N'2026-07-12T11:19:50.1157345' AS DateTime2), N'SYSTEM', CAST(N'2026-07-12T11:19:50.1157345' AS DateTime2), N'SYSTEM')
SET IDENTITY_INSERT [dbo].[metal_shape] OFF

SET IDENTITY_INSERT [dbo].[reporting_group] ON 

INSERT [dbo].[reporting_group] ([reporting_group_id], [group_name], [description], [is_active], [created_at], [created_by], [updated_at], [updated_by], [classification_type_id]) VALUES (1, N'Light Distillates', N'Diesel, gasoline, jet fuel — position reports grouped by refined product slate.', 1, CAST(N'2026-07-12T11:19:48.7256896' AS DateTime2), N'SYSTEM', CAST(N'2026-07-12T11:19:48.7256896' AS DateTime2), N'SYSTEM', 128)
INSERT [dbo].[reporting_group] ([reporting_group_id], [group_name], [description], [is_active], [created_at], [created_by], [updated_at], [updated_by], [classification_type_id]) VALUES (2, N'Crude Oil', N'Crude and crude futures position reporting bucket.', 1, CAST(N'2026-07-12T11:19:48.7256896' AS DateTime2), N'SYSTEM', CAST(N'2026-07-12T11:19:48.7256896' AS DateTime2), N'SYSTEM', 128)
INSERT [dbo].[reporting_group] ([reporting_group_id], [group_name], [description], [is_active], [created_at], [created_by], [updated_at], [updated_by], [classification_type_id]) VALUES (3, N'Natural Gas', N'Pipeline gas and LNG position reporting bucket.', 1, CAST(N'2026-07-12T11:19:48.7256896' AS DateTime2), N'SYSTEM', CAST(N'2026-07-12T11:19:48.7256896' AS DateTime2), N'SYSTEM', 128)
INSERT [dbo].[reporting_group] ([reporting_group_id], [group_name], [description], [is_active], [created_at], [created_by], [updated_at], [updated_by], [classification_type_id]) VALUES (4, N'Power', N'Wholesale electricity position reporting bucket.', 1, CAST(N'2026-07-12T11:19:48.7256896' AS DateTime2), N'SYSTEM', CAST(N'2026-07-12T11:19:48.7256896' AS DateTime2), N'SYSTEM', 128)
INSERT [dbo].[reporting_group] ([reporting_group_id], [group_name], [description], [is_active], [created_at], [created_by], [updated_at], [updated_by], [classification_type_id]) VALUES (5, N'Metals', N'Base and precious metals position reporting bucket.', 1, CAST(N'2026-07-12T11:19:48.7256896' AS DateTime2), N'SYSTEM', CAST(N'2026-07-12T11:19:48.7256896' AS DateTime2), N'SYSTEM', 128)
INSERT [dbo].[reporting_group] ([reporting_group_id], [group_name], [description], [is_active], [created_at], [created_by], [updated_at], [updated_by], [classification_type_id]) VALUES (6, N'Agricultural', N'Grains and softs position reporting bucket.', 1, CAST(N'2026-07-12T11:19:48.7256896' AS DateTime2), N'SYSTEM', CAST(N'2026-07-12T11:19:48.7256896' AS DateTime2), N'SYSTEM', 128)
INSERT [dbo].[reporting_group] ([reporting_group_id], [group_name], [description], [is_active], [created_at], [created_by], [updated_at], [updated_by], [classification_type_id]) VALUES (7, N'Energy Risk Class', N'VaR risk class covering oil, gas, and power products.', 1, CAST(N'2026-07-12T11:19:48.7256896' AS DateTime2), N'SYSTEM', CAST(N'2026-07-12T11:19:48.7256896' AS DateTime2), N'SYSTEM', 129)
INSERT [dbo].[reporting_group] ([reporting_group_id], [group_name], [description], [is_active], [created_at], [created_by], [updated_at], [updated_by], [classification_type_id]) VALUES (8, N'Metals Risk Class', N'VaR risk class covering base and precious metals.', 1, CAST(N'2026-07-12T11:19:48.7256896' AS DateTime2), N'SYSTEM', CAST(N'2026-07-12T11:19:48.7256896' AS DateTime2), N'SYSTEM', 129)
INSERT [dbo].[reporting_group] ([reporting_group_id], [group_name], [description], [is_active], [created_at], [created_by], [updated_at], [updated_by], [classification_type_id]) VALUES (9, N'Agricultural Risk Class', N'VaR risk class covering grains and softs.', 1, CAST(N'2026-07-12T11:19:48.7256896' AS DateTime2), N'SYSTEM', CAST(N'2026-07-12T11:19:48.7256896' AS DateTime2), N'SYSTEM', 129)
INSERT [dbo].[reporting_group] ([reporting_group_id], [group_name], [description], [is_active], [created_at], [created_by], [updated_at], [updated_by], [classification_type_id]) VALUES (10, N'GL — Energy', N'Settlement/invoicing GL posting group for oil, gas, and power products.', 1, CAST(N'2026-07-12T11:19:48.7256896' AS DateTime2), N'SYSTEM', CAST(N'2026-07-12T11:19:48.7256896' AS DateTime2), N'SYSTEM', 130)
INSERT [dbo].[reporting_group] ([reporting_group_id], [group_name], [description], [is_active], [created_at], [created_by], [updated_at], [updated_by], [classification_type_id]) VALUES (11, N'GL — Metals', N'Settlement/invoicing GL posting group for metals products.', 1, CAST(N'2026-07-12T11:19:48.7256896' AS DateTime2), N'SYSTEM', CAST(N'2026-07-12T11:19:48.7256896' AS DateTime2), N'SYSTEM', 130)
INSERT [dbo].[reporting_group] ([reporting_group_id], [group_name], [description], [is_active], [created_at], [created_by], [updated_at], [updated_by], [classification_type_id]) VALUES (12, N'GL — Agricultural', N'Settlement/invoicing GL posting group for agricultural products.', 1, CAST(N'2026-07-12T11:19:48.7256896' AS DateTime2), N'SYSTEM', CAST(N'2026-07-12T11:19:48.7256896' AS DateTime2), N'SYSTEM', 130)
SET IDENTITY_INSERT [dbo].[reporting_group] OFF

SET IDENTITY_INSERT [dbo].[settlement_type] ON 

INSERT [dbo].[settlement_type] ([settlement_type_id], [type_code], [type_name], [description], [sort_order], [is_active], [created_at], [created_by], [updated_at], [updated_by]) VALUES (1, N'PHYSICAL', N'Physical', N'Commodity physically delivered to buyer', 1, 1, CAST(N'2026-07-12T11:19:45.2336209' AS DateTime2), N'SYSTEM', CAST(N'2026-07-12T11:19:45.2336209' AS DateTime2), N'SYSTEM')
INSERT [dbo].[settlement_type] ([settlement_type_id], [type_code], [type_name], [description], [sort_order], [is_active], [created_at], [created_by], [updated_at], [updated_by]) VALUES (2, N'FINANCIAL', N'Financial', N'Cash settlement against index — no physical delivery', 2, 1, CAST(N'2026-07-12T11:19:45.2336209' AS DateTime2), N'SYSTEM', CAST(N'2026-07-12T11:19:45.2336209' AS DateTime2), N'SYSTEM')
INSERT [dbo].[settlement_type] ([settlement_type_id], [type_code], [type_name], [description], [sort_order], [is_active], [created_at], [created_by], [updated_at], [updated_by]) VALUES (3, N'OPTIONS', N'Options', N'Options contract — right but not obligation to deliver', 3, 1, CAST(N'2026-07-12T11:19:45.2336209' AS DateTime2), N'SYSTEM', CAST(N'2026-07-12T11:19:45.2336209' AS DateTime2), N'SYSTEM')
INSERT [dbo].[settlement_type] ([settlement_type_id], [type_code], [type_name], [description], [sort_order], [is_active], [created_at], [created_by], [updated_at], [updated_by]) VALUES (4, N'SWAP', N'Swap', N'Fixed-for-floating price swap settled in cash', 4, 1, CAST(N'2026-07-12T11:19:45.2336209' AS DateTime2), N'SYSTEM', CAST(N'2026-07-12T11:19:45.2336209' AS DateTime2), N'SYSTEM')
INSERT [dbo].[settlement_type] ([settlement_type_id], [type_code], [type_name], [description], [sort_order], [is_active], [created_at], [created_by], [updated_at], [updated_by]) VALUES (5, N'NETTED', N'Netted', N'Offset against an opposing position before settlement', 5, 1, CAST(N'2026-07-12T11:19:45.2336209' AS DateTime2), N'SYSTEM', CAST(N'2026-07-12T11:19:45.2336209' AS DateTime2), N'SYSTEM')
SET IDENTITY_INSERT [dbo].[settlement_type] OFF

SET IDENTITY_INSERT [dbo].[commodity] ON 

INSERT [dbo].[commodity] ([commodity_id], [commodity_code], [commodity_name], [description], [is_active], [commodity_subtype], [default_uom_id], [default_currency_id]) VALUES (1, N'OIL', N'Oil & Petroleum', N'Crude oil, refined products, petroleum', 1, N'CRUDE', NULL, NULL)
INSERT [dbo].[commodity] ([commodity_id], [commodity_code], [commodity_name], [description], [is_active], [commodity_subtype], [default_uom_id], [default_currency_id]) VALUES (2, N'POWER', N'Power & Electricity', N'Electricity generation and transmission', 1, N'ELECTRICITY', NULL, NULL)
INSERT [dbo].[commodity] ([commodity_id], [commodity_code], [commodity_name], [description], [is_active], [commodity_subtype], [default_uom_id], [default_currency_id]) VALUES (3, N'GAS', N'Natural Gas', N'Natural gas including LNG and pipeline', 1, N'PIPELINE_GAS', NULL, NULL)
INSERT [dbo].[commodity] ([commodity_id], [commodity_code], [commodity_name], [description], [is_active], [commodity_subtype], [default_uom_id], [default_currency_id]) VALUES (4, N'AGRI', N'Agricultural', N'Grains, soft commodities, oilseeds', 1, N'GRAINS', NULL, NULL)
INSERT [dbo].[commodity] ([commodity_id], [commodity_code], [commodity_name], [description], [is_active], [commodity_subtype], [default_uom_id], [default_currency_id]) VALUES (5, N'METALS', N'Metals & Mining', N'Base metals, precious metals, mining', 1, N'BASE_METAL', NULL, NULL)
SET IDENTITY_INSERT [dbo].[commodity] OFF


SET IDENTITY_INSERT [dbo].[commodity_family] ON 

INSERT [dbo].[commodity_family] ([commodity_family_id], [commodity_id], [family_code], [family_name], [family_type], [description], [is_active], [created_at], [created_by], [updated_at], [updated_by]) VALUES (1, 1, N'CRUDE_OIL', N'Crude Oil', N'CRUDE', N'Unrefined crude — Brent, WTI, Urals, Dubai and other physical/financial crude benchmarks.', 1, CAST(N'2026-07-12T11:19:48.6687035' AS DateTime2), N'SYSTEM', CAST(N'2026-07-12T11:19:48.6687035' AS DateTime2), N'SYSTEM')
INSERT [dbo].[commodity_family] ([commodity_family_id], [commodity_id], [family_code], [family_name], [family_type], [description], [is_active], [created_at], [created_by], [updated_at], [updated_by]) VALUES (2, 1, N'REFINED_PRODUCTS', N'Refined Products', N'REFINED', N'Refined petroleum products — gasoline, diesel/gasoil, jet fuel, fuel oil.', 1, CAST(N'2026-07-12T11:19:48.6687035' AS DateTime2), N'SYSTEM', CAST(N'2026-07-12T11:19:48.6687035' AS DateTime2), N'SYSTEM')
INSERT [dbo].[commodity_family] ([commodity_family_id], [commodity_id], [family_code], [family_name], [family_type], [description], [is_active], [created_at], [created_by], [updated_at], [updated_by]) VALUES (3, 1, N'PETROCHEMICAL', N'Petrochemicals', N'PETROCHEMICAL', N'Naphtha and other petrochemical feedstocks.', 1, CAST(N'2026-07-12T11:19:48.6687035' AS DateTime2), N'SYSTEM', CAST(N'2026-07-12T11:19:48.6687035' AS DateTime2), N'SYSTEM')
INSERT [dbo].[commodity_family] ([commodity_family_id], [commodity_id], [family_code], [family_name], [family_type], [description], [is_active], [created_at], [created_by], [updated_at], [updated_by]) VALUES (4, 3, N'NATURAL_GAS', N'Natural Gas', N'PIPELINE_GAS', N'Pipeline-delivered natural gas — TTF, NBP, Henry Hub and similar hub products.', 1, CAST(N'2026-07-12T11:19:48.6687035' AS DateTime2), N'SYSTEM', CAST(N'2026-07-12T11:19:48.6687035' AS DateTime2), N'SYSTEM')
INSERT [dbo].[commodity_family] ([commodity_family_id], [commodity_id], [family_code], [family_name], [family_type], [description], [is_active], [created_at], [created_by], [updated_at], [updated_by]) VALUES (5, 3, N'LNG', N'Liquefied Natural Gas', N'LNG', N'Liquefied natural gas cargoes — JKM and other LNG benchmarks.', 1, CAST(N'2026-07-12T11:19:48.6687035' AS DateTime2), N'SYSTEM', CAST(N'2026-07-12T11:19:48.6687035' AS DateTime2), N'SYSTEM')
INSERT [dbo].[commodity_family] ([commodity_family_id], [commodity_id], [family_code], [family_name], [family_type], [description], [is_active], [created_at], [created_by], [updated_at], [updated_by]) VALUES (6, 5, N'BASE_METALS', N'Base Metals', N'BASE_METAL', N'Non-ferrous industrial metals — copper, aluminium, zinc, lead, nickel, tin.', 1, CAST(N'2026-07-12T11:19:48.6687035' AS DateTime2), N'SYSTEM', CAST(N'2026-07-12T11:19:48.6687035' AS DateTime2), N'SYSTEM')
INSERT [dbo].[commodity_family] ([commodity_family_id], [commodity_id], [family_code], [family_name], [family_type], [description], [is_active], [created_at], [created_by], [updated_at], [updated_by]) VALUES (7, 5, N'PRECIOUS_METALS', N'Precious Metals', N'PRECIOUS_METAL', N'Gold, silver, platinum, palladium.', 1, CAST(N'2026-07-12T11:19:48.6687035' AS DateTime2), N'SYSTEM', CAST(N'2026-07-12T11:19:48.6687035' AS DateTime2), N'SYSTEM')
INSERT [dbo].[commodity_family] ([commodity_family_id], [commodity_id], [family_code], [family_name], [family_type], [description], [is_active], [created_at], [created_by], [updated_at], [updated_by]) VALUES (8, 4, N'GRAINS', N'Grains', N'GRAIN', N'Corn, wheat, soybeans and other grain/oilseed products.', 1, CAST(N'2026-07-12T11:19:48.6687035' AS DateTime2), N'SYSTEM', CAST(N'2026-07-12T11:19:48.6687035' AS DateTime2), N'SYSTEM')
INSERT [dbo].[commodity_family] ([commodity_family_id], [commodity_id], [family_code], [family_name], [family_type], [description], [is_active], [created_at], [created_by], [updated_at], [updated_by]) VALUES (9, 2, N'POWER', N'Power Generation', N'ELECTRICITY', N'Wholesale electricity — baseload, peak, and off-peak power products.', 1, CAST(N'2026-07-12T11:19:48.6687035' AS DateTime2), N'SYSTEM', CAST(N'2026-07-12T11:19:48.6687035' AS DateTime2), N'SYSTEM')
SET IDENTITY_INSERT [dbo].[commodity_family] OFF


SET IDENTITY_INSERT [dbo].[metal_brand] ON 

INSERT [dbo].[metal_brand] ([metal_brand_id], [commodity_family_id], [brand_code], [brand_name], [producer_name], [approval_date], [delisting_date], [is_active], [notes], [created_at], [created_by], [updated_at], [updated_by], [metal_form], [country_of_origin_id]) VALUES (1, 6, N'CODELCO-CU', N'Codelco Grade A Cathode', N'Corporación Nacional del Cobre de Chile', CAST(N'1990-01-01' AS Date), NULL, 1, NULL, CAST(N'2026-07-12T11:19:48.9718268' AS DateTime2), N'SYSTEM', CAST(N'2026-07-12T11:19:48.9718268' AS DateTime2), N'SYSTEM', 2, 19)
INSERT [dbo].[metal_brand] ([metal_brand_id], [commodity_family_id], [brand_code], [brand_name], [producer_name], [approval_date], [delisting_date], [is_active], [notes], [created_at], [created_by], [updated_at], [updated_by], [metal_form], [country_of_origin_id]) VALUES (2, 6, N'KGHM-CU', N'KGHM Grade A Cathode', N'KGHM Polska Miedz S.A.', CAST(N'1995-06-01' AS Date), NULL, 1, NULL, CAST(N'2026-07-12T11:19:48.9718268' AS DateTime2), N'SYSTEM', CAST(N'2026-07-12T11:19:48.9718268' AS DateTime2), N'SYSTEM', 1, 20)
INSERT [dbo].[metal_brand] ([metal_brand_id], [commodity_family_id], [brand_code], [brand_name], [producer_name], [approval_date], [delisting_date], [is_active], [notes], [created_at], [created_by], [updated_at], [updated_by], [metal_form], [country_of_origin_id]) VALUES (3, 6, N'ASARCO-CU', N'Asarco Grade A Cathode', N'ASARCO LLC', CAST(N'1988-03-01' AS Date), NULL, 1, NULL, CAST(N'2026-07-12T11:19:48.9718268' AS DateTime2), N'SYSTEM', CAST(N'2026-07-12T11:19:48.9718268' AS DateTime2), N'SYSTEM', 1, 2)
SET IDENTITY_INSERT [dbo].[metal_brand] OFF


SET IDENTITY_INSERT [dbo].[product] ON 

INSERT [dbo].[product] ([product_id], [commodity_id], [product_code], [product_name], [default_pricing_type_id], [default_uom_id], [default_currency_id], [default_incoterm_id], [lot_size], [min_quantity], [max_quantity], [description], [is_active], [created_at], [created_by], [settlement_type], [grade_code], [bloomberg_ticker], [reuters_ric], [platts_code], [is_exchange_traded], [is_otc], [updated_at], [updated_by], [is_blend], [blend_notes], [density_estimate_kg_m3], [density_base_kg_m3], [cv_gross_mj_scm], [cv_net_mj_scm], [purity_basis_pct], [moisture_basis_pct], [protein_basis_pct], [commodity_family_id]) VALUES (1, 1, N'ULSD-10PPM', N'Ultra-Low Sulphur Diesel 10ppm', 3, 3, 1, 11, NULL, NULL, NULL, N'EN590 Ultra-Low Sulphur Diesel, max 10ppm sulphur. European road diesel standard. Platts Barges FOB ARA benchmark.', 1, CAST(N'2026-07-12T11:19:46.1457290' AS DateTime2), N'SYSTEM', 1, N'ULSD_10PPM', N'QS1 Comdty', N'LGOc1', N'AAGLD00', 0, 1, CAST(N'2026-07-12T11:19:46.1457290' AS DateTime2), NULL, 0, NULL, CAST(845.000 AS Decimal(10, 3)), CAST(845.000 AS Decimal(10, 3)), NULL, NULL, NULL, NULL, NULL, 2)
INSERT [dbo].[product] ([product_id], [commodity_id], [product_code], [product_name], [default_pricing_type_id], [default_uom_id], [default_currency_id], [default_incoterm_id], [lot_size], [min_quantity], [max_quantity], [description], [is_active], [created_at], [created_by], [settlement_type], [grade_code], [bloomberg_ticker], [reuters_ric], [platts_code], [is_exchange_traded], [is_otc], [updated_at], [updated_by], [is_blend], [blend_notes], [density_estimate_kg_m3], [density_base_kg_m3], [cv_gross_mj_scm], [cv_net_mj_scm], [purity_basis_pct], [moisture_basis_pct], [protein_basis_pct], [commodity_family_id]) VALUES (2, 1, N'ETHANOL', N'Fuel Ethanol (Denatured, Industrial Grade)', 2, 3, 1, 9, NULL, NULL, NULL, N'Denatured fuel-grade ethanol (99.7% purity, water max 0.3%) for blending into road fuel. Used in E5/E10/E85. Typically traded $/mt or $/m³.', 1, CAST(N'2026-07-12T11:19:46.1555009' AS DateTime2), N'SYSTEM', 1, N'DENATURED', NULL, NULL, NULL, 0, 1, CAST(N'2026-07-12T11:19:46.1555009' AS DateTime2), NULL, 0, NULL, CAST(794.000 AS Decimal(10, 3)), CAST(789.000 AS Decimal(10, 3)), NULL, NULL, NULL, NULL, NULL, 2)
INSERT [dbo].[product] ([product_id], [commodity_id], [product_code], [product_name], [default_pricing_type_id], [default_uom_id], [default_currency_id], [default_incoterm_id], [lot_size], [min_quantity], [max_quantity], [description], [is_active], [created_at], [created_by], [settlement_type], [grade_code], [bloomberg_ticker], [reuters_ric], [platts_code], [is_exchange_traded], [is_otc], [updated_at], [updated_by], [is_blend], [blend_notes], [density_estimate_kg_m3], [density_base_kg_m3], [cv_gross_mj_scm], [cv_net_mj_scm], [purity_basis_pct], [moisture_basis_pct], [protein_basis_pct], [commodity_family_id]) VALUES (3, 1, N'GAS97-BLEND', N'Gasoline 97 E3 (97%vol ULSD / 3%vol Ethanol)', 4, 3, 1, 11, NULL, NULL, NULL, N'Blended road fuel — 97 octane Euro-5 gasoline. Manufactured by in-line or splash blending of ULSD-10PPM base stock with denatured fuel ethanol. Pricing = weighted average of component prices by volume.', 1, CAST(N'2026-07-12T11:19:46.1655543' AS DateTime2), N'SYSTEM', 1, N'EURO_5', NULL, NULL, NULL, 0, 1, CAST(N'2026-07-12T11:19:46.1655543' AS DateTime2), NULL, 1, N'Recipe: 97%vol ULSD-10PPM base + 3%vol denatured fuel ethanol. Final blend meets EN228 Euro-5. Sulphur max 10ppm after blending. API gravity approx 36–38°.', NULL, NULL, NULL, NULL, NULL, NULL, NULL, 2)
INSERT [dbo].[product] ([product_id], [commodity_id], [product_code], [product_name], [default_pricing_type_id], [default_uom_id], [default_currency_id], [default_incoterm_id], [lot_size], [min_quantity], [max_quantity], [description], [is_active], [created_at], [created_by], [settlement_type], [grade_code], [bloomberg_ticker], [reuters_ric], [platts_code], [is_exchange_traded], [is_otc], [updated_at], [updated_by], [is_blend], [blend_notes], [density_estimate_kg_m3], [density_base_kg_m3], [cv_gross_mj_scm], [cv_net_mj_scm], [purity_basis_pct], [moisture_basis_pct], [protein_basis_pct], [commodity_family_id]) VALUES (4, 1, N'BRENT-CRUDE', N'Dated Brent Crude Oil', 2, 1, 1, 9, NULL, NULL, NULL, N'Dated Brent physical crude — Forties/Oseberg/Ekofisk/Brent (BFOE) basket, North Sea loadable quality.', 1, CAST(N'2026-07-12T11:19:46.1899216' AS DateTime2), N'SYSTEM', 1, NULL, NULL, NULL, NULL, 0, 1, CAST(N'2026-07-12T11:19:46.1899216' AS DateTime2), NULL, 0, NULL, CAST(833.000 AS Decimal(10, 3)), CAST(833.000 AS Decimal(10, 3)), NULL, NULL, NULL, NULL, NULL, NULL)
INSERT [dbo].[product] ([product_id], [commodity_id], [product_code], [product_name], [default_pricing_type_id], [default_uom_id], [default_currency_id], [default_incoterm_id], [lot_size], [min_quantity], [max_quantity], [description], [is_active], [created_at], [created_by], [settlement_type], [grade_code], [bloomberg_ticker], [reuters_ric], [platts_code], [is_exchange_traded], [is_otc], [updated_at], [updated_by], [is_blend], [blend_notes], [density_estimate_kg_m3], [density_base_kg_m3], [cv_gross_mj_scm], [cv_net_mj_scm], [purity_basis_pct], [moisture_basis_pct], [protein_basis_pct], [commodity_family_id]) VALUES (5, 1, N'WTI-CRUDE', N'West Texas Intermediate Crude Oil', 2, 1, 1, 9, NULL, NULL, NULL, N'WTI light sweet crude, Cushing OK delivery — NYMEX benchmark grade.', 1, CAST(N'2026-07-12T11:19:46.1997855' AS DateTime2), N'SYSTEM', 1, NULL, NULL, NULL, NULL, 0, 1, CAST(N'2026-07-12T11:19:46.1997855' AS DateTime2), NULL, 0, NULL, CAST(825.000 AS Decimal(10, 3)), CAST(825.000 AS Decimal(10, 3)), NULL, NULL, NULL, NULL, NULL, NULL)
INSERT [dbo].[product] ([product_id], [commodity_id], [product_code], [product_name], [default_pricing_type_id], [default_uom_id], [default_currency_id], [default_incoterm_id], [lot_size], [min_quantity], [max_quantity], [description], [is_active], [created_at], [created_by], [settlement_type], [grade_code], [bloomberg_ticker], [reuters_ric], [platts_code], [is_exchange_traded], [is_otc], [updated_at], [updated_by], [is_blend], [blend_notes], [density_estimate_kg_m3], [density_base_kg_m3], [cv_gross_mj_scm], [cv_net_mj_scm], [purity_basis_pct], [moisture_basis_pct], [protein_basis_pct], [commodity_family_id]) VALUES (6, 3, N'TTF-GAS', N'Title Transfer Facility Natural Gas', 2, 7, 2, NULL, NULL, NULL, NULL, N'TTF — Dutch virtual gas trading hub, primary European gas benchmark (ICE Endex futures).', 1, CAST(N'2026-07-12T11:19:46.2098391' AS DateTime2), N'SYSTEM', 1, NULL, NULL, NULL, NULL, 1, 0, CAST(N'2026-07-12T11:19:46.2098391' AS DateTime2), NULL, 0, NULL, NULL, NULL, CAST(38.5000 AS Decimal(10, 4)), CAST(34.6400 AS Decimal(10, 4)), NULL, NULL, NULL, NULL)
INSERT [dbo].[product] ([product_id], [commodity_id], [product_code], [product_name], [default_pricing_type_id], [default_uom_id], [default_currency_id], [default_incoterm_id], [lot_size], [min_quantity], [max_quantity], [description], [is_active], [created_at], [created_by], [settlement_type], [grade_code], [bloomberg_ticker], [reuters_ric], [platts_code], [is_exchange_traded], [is_otc], [updated_at], [updated_by], [is_blend], [blend_notes], [density_estimate_kg_m3], [density_base_kg_m3], [cv_gross_mj_scm], [cv_net_mj_scm], [purity_basis_pct], [moisture_basis_pct], [protein_basis_pct], [commodity_family_id]) VALUES (7, 5, N'LME-COPPER', N'LME Grade A Copper', 2, 12, 1, NULL, NULL, NULL, NULL, N'LME Grade A copper cathode, min 99.9935% purity per BS EN 1978:1998.', 1, CAST(N'2026-07-12T11:19:46.2198599' AS DateTime2), N'SYSTEM', 1, NULL, NULL, NULL, NULL, 1, 0, CAST(N'2026-07-12T11:19:46.2198599' AS DateTime2), NULL, 0, NULL, NULL, NULL, NULL, NULL, CAST(99.9935 AS Decimal(10, 4)), NULL, NULL, NULL)
INSERT [dbo].[product] ([product_id], [commodity_id], [product_code], [product_name], [default_pricing_type_id], [default_uom_id], [default_currency_id], [default_incoterm_id], [lot_size], [min_quantity], [max_quantity], [description], [is_active], [created_at], [created_by], [settlement_type], [grade_code], [bloomberg_ticker], [reuters_ric], [platts_code], [is_exchange_traded], [is_otc], [updated_at], [updated_by], [is_blend], [blend_notes], [density_estimate_kg_m3], [density_base_kg_m3], [cv_gross_mj_scm], [cv_net_mj_scm], [purity_basis_pct], [moisture_basis_pct], [protein_basis_pct], [commodity_family_id]) VALUES (8, 3, N'HENRY-HUB-GAS', N'Henry Hub Natural Gas', NULL, 7, 1, NULL, NULL, NULL, NULL, NULL, 1, CAST(N'2026-07-12T11:19:47.0511519' AS DateTime2), N'SYSTEM', 2, NULL, NULL, NULL, NULL, 0, 1, CAST(N'2026-07-12T11:19:47.0511519' AS DateTime2), NULL, 0, NULL, NULL, NULL, NULL, NULL, NULL, NULL, NULL, NULL)
INSERT [dbo].[product] ([product_id], [commodity_id], [product_code], [product_name], [default_pricing_type_id], [default_uom_id], [default_currency_id], [default_incoterm_id], [lot_size], [min_quantity], [max_quantity], [description], [is_active], [created_at], [created_by], [settlement_type], [grade_code], [bloomberg_ticker], [reuters_ric], [platts_code], [is_exchange_traded], [is_otc], [updated_at], [updated_by], [is_blend], [blend_notes], [density_estimate_kg_m3], [density_base_kg_m3], [cv_gross_mj_scm], [cv_net_mj_scm], [purity_basis_pct], [moisture_basis_pct], [protein_basis_pct], [commodity_family_id]) VALUES (9, 1, N'HEATING-OIL', N'NYMEX Heating Oil / Ultra-Low Sulphur Diesel', NULL, 19, 1, NULL, NULL, NULL, NULL, NULL, 1, CAST(N'2026-07-12T11:19:47.0566043' AS DateTime2), N'SYSTEM', 2, NULL, NULL, NULL, NULL, 0, 1, CAST(N'2026-07-12T11:19:47.0566043' AS DateTime2), NULL, 0, NULL, NULL, NULL, NULL, NULL, NULL, NULL, NULL, NULL)
INSERT [dbo].[product] ([product_id], [commodity_id], [product_code], [product_name], [default_pricing_type_id], [default_uom_id], [default_currency_id], [default_incoterm_id], [lot_size], [min_quantity], [max_quantity], [description], [is_active], [created_at], [created_by], [settlement_type], [grade_code], [bloomberg_ticker], [reuters_ric], [platts_code], [is_exchange_traded], [is_otc], [updated_at], [updated_by], [is_blend], [blend_notes], [density_estimate_kg_m3], [density_base_kg_m3], [cv_gross_mj_scm], [cv_net_mj_scm], [purity_basis_pct], [moisture_basis_pct], [protein_basis_pct], [commodity_family_id]) VALUES (10, 4, N'CBOT-CORN', N'CBOT Corn No. 2 Yellow', NULL, 10, 1, NULL, NULL, NULL, NULL, NULL, 1, CAST(N'2026-07-12T11:19:49.0067964' AS DateTime2), N'SYSTEM', 1, NULL, NULL, NULL, NULL, 0, 1, CAST(N'2026-07-12T11:19:49.0067964' AS DateTime2), NULL, 0, NULL, NULL, NULL, NULL, NULL, NULL, NULL, NULL, NULL)
SET IDENTITY_INSERT [dbo].[product] OFF

SET IDENTITY_INSERT [dbo].[commodity_grade_standard] ON 

INSERT [dbo].[commodity_grade_standard] ([grade_standard_id], [issuing_body], [grade_code], [grade_name], [is_par_grade], [price_adjustment_per_uom], [description], [is_active], [created_at], [created_by], [updated_at], [updated_by], [product_id], [adjustment_uom_id], [adjustment_currency_id]) VALUES (1, N'USDA', N'US_NO_2_YELLOW_CORN', N'US No. 2 Yellow Corn', 1, CAST(0.0000 AS Decimal(10, 4)), N'CBOT contract par grade — max 5% damaged kernels, 3% foreign material, 15.5% moisture, test weight 54 lb/bu minimum.', 1, CAST(N'2026-07-12T11:19:48.9464606' AS DateTime2), N'SYSTEM', CAST(N'2026-07-12T11:19:48.9464606' AS DateTime2), N'SYSTEM', 10, 10, 1)
INSERT [dbo].[commodity_grade_standard] ([grade_standard_id], [issuing_body], [grade_code], [grade_name], [is_par_grade], [price_adjustment_per_uom], [description], [is_active], [created_at], [created_by], [updated_at], [updated_by], [product_id], [adjustment_uom_id], [adjustment_currency_id]) VALUES (2, N'USDA', N'US_NO_3_YELLOW_CORN', N'US No. 3 Yellow Corn', 0, CAST(-0.0400 AS Decimal(10, 4)), N'Deliverable at a fixed discount to par — max 7% damaged kernels, test weight 52 lb/bu minimum.', 1, CAST(N'2026-07-12T11:19:48.9464606' AS DateTime2), N'SYSTEM', CAST(N'2026-07-12T11:19:48.9464606' AS DateTime2), N'SYSTEM', 10, 10, 1)
INSERT [dbo].[commodity_grade_standard] ([grade_standard_id], [issuing_body], [grade_code], [grade_name], [is_par_grade], [price_adjustment_per_uom], [description], [is_active], [created_at], [created_by], [updated_at], [updated_by], [product_id], [adjustment_uom_id], [adjustment_currency_id]) VALUES (3, N'USDA', N'US_NO_1_YELLOW_CORN', N'US No. 1 Yellow Corn', 0, CAST(0.0200 AS Decimal(10, 4)), N'Deliverable at a premium to par — max 3% damaged kernels, test weight 56 lb/bu minimum.', 1, CAST(N'2026-07-12T11:19:48.9464606' AS DateTime2), N'SYSTEM', CAST(N'2026-07-12T11:19:48.9464606' AS DateTime2), N'SYSTEM', 10, 10, 1)
SET IDENTITY_INSERT [dbo].[commodity_grade_standard] OFF



SET IDENTITY_INSERT [dbo].[product_spec_template] ON 

INSERT [dbo].[product_spec_template] ([template_id], [product_id], [template_code], [template_name], [commodity_type], [is_default], [issuing_body], [standard_ref], [version], [effective_from], [effective_to], [is_active], [notes], [created_at], [created_by], [updated_at], [updated_by]) VALUES (1, 4, N'DTBRT_BFOE_STD', N'Dated Brent / BFOE Standard Loadable Quality', N'OIL', 1, N'Platts / Shell / BP / TotalEnergies', N'BFOE Memorandum of Understanding', N'2023', CAST(N'2023-01-01' AS Date), NULL, 1, N'Forties, Oseberg, Ekofisk, Brent blend loadable quality. Basis for Dated Brent price assessment.', CAST(N'2026-07-12T11:19:46.2385715' AS DateTime2), N'SYSTEM', CAST(N'2026-07-12T11:19:46.2385715' AS DateTime2), N'SYSTEM')
INSERT [dbo].[product_spec_template] ([template_id], [product_id], [template_code], [template_name], [commodity_type], [is_default], [issuing_body], [standard_ref], [version], [effective_from], [effective_to], [is_active], [notes], [created_at], [created_by], [updated_at], [updated_by]) VALUES (2, 5, N'WTI_NYMEX_STD', N'WTI Crude NYMEX Contract Specification', N'OIL', 1, N'CME Group / NYMEX', N'NYMEX Rule 200.00 — Light Sweet Crude Oil', N'2023', CAST(N'1983-03-30' AS Date), NULL, 1, N'Light sweet crude deliverable into Cushing OK pipeline network per NYMEX futures contract spec.', CAST(N'2026-07-12T11:19:46.2385715' AS DateTime2), N'SYSTEM', CAST(N'2026-07-12T11:19:46.2385715' AS DateTime2), N'SYSTEM')
INSERT [dbo].[product_spec_template] ([template_id], [product_id], [template_code], [template_name], [commodity_type], [is_default], [issuing_body], [standard_ref], [version], [effective_from], [effective_to], [is_active], [notes], [created_at], [created_by], [updated_at], [updated_by]) VALUES (3, 6, N'TTF_EFET_2020', N'TTF Natural Gas — H-Gas Quality per GTS Network Code', N'GAS', 1, N'EFET / GTS (Gasunie Transport Services)', N'NTA 8000 / Interconnection Agreement', N'2020', CAST(N'2020-01-01' AS Date), NULL, 1, N'H-Gas quality specification for delivery at TTF virtual trading point. GCV range, Wobbe index, methane content per NTA 8000.', CAST(N'2026-07-12T11:19:46.2385715' AS DateTime2), N'SYSTEM', CAST(N'2026-07-12T11:19:46.2385715' AS DateTime2), N'SYSTEM')
INSERT [dbo].[product_spec_template] ([template_id], [product_id], [template_code], [template_name], [commodity_type], [is_default], [issuing_body], [standard_ref], [version], [effective_from], [effective_to], [is_active], [notes], [created_at], [created_by], [updated_at], [updated_by]) VALUES (4, 7, N'LME_CU_GRADE_A', N'LME Grade A Copper Chemical Specification', N'METALS', 1, N'London Metal Exchange', N'LME Rules and Regulations — Annex A / BS EN 1978:1998', N'2022', CAST(N'1993-01-01' AS Date), NULL, 1, N'Cathodes, wire-bars, billets and rods. Cu+Ag = 99.9935%. Must be from LME-registered brand.', CAST(N'2026-07-12T11:19:46.2385715' AS DateTime2), N'SYSTEM', CAST(N'2026-07-12T11:19:46.2385715' AS DateTime2), N'SYSTEM')
INSERT [dbo].[product_spec_template] ([template_id], [product_id], [template_code], [template_name], [commodity_type], [is_default], [issuing_body], [standard_ref], [version], [effective_from], [effective_to], [is_active], [notes], [created_at], [created_by], [updated_at], [updated_by]) VALUES (5, 1, N'EN590_10PPM', N'EN 590 Ultra-Low Sulphur Diesel — European Road Fuel Standard', N'OIL', 1, N'European Committee for Standardization (CEN)', N'EN 590:2022+A1', N'2022', CAST(N'2022-01-01' AS Date), NULL, 1, N'European standard for automotive diesel. Applies to FOB Rotterdam barges, CIF ARA, and inland EU deliveries.', CAST(N'2026-07-12T11:19:46.2443485' AS DateTime2), N'SYSTEM', CAST(N'2026-07-12T11:19:46.2443485' AS DateTime2), N'SYSTEM')
INSERT [dbo].[product_spec_template] ([template_id], [product_id], [template_code], [template_name], [commodity_type], [is_default], [issuing_body], [standard_ref], [version], [effective_from], [effective_to], [is_active], [notes], [created_at], [created_by], [updated_at], [updated_by]) VALUES (6, 3, N'GAS97_INTERNAL', N'Gasoline 97 E3 Internal Blend Specification', N'OIL', 1, N'Internal / EN 228', N'EN 228:2012+A1 (E5 max) / Internal Blend Spec v2.1', N'2023', CAST(N'2023-01-01' AS Date), NULL, 1, N'Internal quality spec for 97%vol ULSD + 3%vol ethanol blend. Final product must meet EN228 Euro-5.', CAST(N'2026-07-12T11:19:46.2443485' AS DateTime2), N'SYSTEM', CAST(N'2026-07-12T11:19:46.2443485' AS DateTime2), N'SYSTEM')
SET IDENTITY_INSERT [dbo].[product_spec_template] OFF


