-- =============================================================================
-- SmartETRM — Reference/Seed Data: Contract & Legal
-- =============================================================================
-- GENERATED FILE — do not hand-edit. Extracted from a live, fully-migrated
-- ETRM_DB (post-V96) via mssql-scripter, one table at a time.
--
-- REFERENCE ONLY — not guaranteed independently runnable in isolation.
-- SmartETRM's Master Data Hub groups are NOT a dependency hierarchy — most
-- groups have FKs pointing at each other in both directions (e.g. Products &
-- Markets needs Finance & Settlement's currency rows; Finance & Settlement's
-- bank_account needs Counterparties & Agreements' counterparty rows). There is
-- no group-by-group load order that satisfies every FK. For an actually-
-- runnable full load, use 01_master_data_seed.sql instead, which loads all
-- 154 tables' data in a verified-safe per-table order. This file exists so you
-- can find/read/diff "what's the seed data for Contract & Legal" without wading through
-- the combined file.
--
-- Tables in this file (6): gtc, incoterm, payment_method, payment_term, transport_document_type, broker_fee_agreement
-- =============================================================================

SET ANSI_NULLS ON
GO
SET QUOTED_IDENTIFIER ON
GO


SET IDENTITY_INSERT [dbo].[incoterm] ON 

INSERT [dbo].[incoterm] ([incoterm_id], [code], [name], [transport_mode], [risk_transfer], [version_year], [is_active]) VALUES (1, N'EXW', N'Ex Works', N'ANY', N'Risk transfers at seller premises', 2020, 1)
INSERT [dbo].[incoterm] ([incoterm_id], [code], [name], [transport_mode], [risk_transfer], [version_year], [is_active]) VALUES (2, N'FCA', N'Free Carrier', N'ANY', N'Risk transfers when delivered to carrier', 2020, 1)
INSERT [dbo].[incoterm] ([incoterm_id], [code], [name], [transport_mode], [risk_transfer], [version_year], [is_active]) VALUES (3, N'CPT', N'Carriage Paid To', N'ANY', N'Risk transfers when handed to first carrier', 2020, 1)
INSERT [dbo].[incoterm] ([incoterm_id], [code], [name], [transport_mode], [risk_transfer], [version_year], [is_active]) VALUES (4, N'CIP', N'Carriage and Insurance Paid', N'ANY', N'Risk transfers when handed to first carrier', 2020, 1)
INSERT [dbo].[incoterm] ([incoterm_id], [code], [name], [transport_mode], [risk_transfer], [version_year], [is_active]) VALUES (5, N'DAP', N'Delivered at Place', N'ANY', N'Risk transfers at named destination', 2020, 1)
INSERT [dbo].[incoterm] ([incoterm_id], [code], [name], [transport_mode], [risk_transfer], [version_year], [is_active]) VALUES (6, N'DPU', N'Delivered at Place Unloaded', N'ANY', N'Risk transfers once unloaded at destination', 2020, 1)
INSERT [dbo].[incoterm] ([incoterm_id], [code], [name], [transport_mode], [risk_transfer], [version_year], [is_active]) VALUES (7, N'DDP', N'Delivered Duty Paid', N'ANY', N'Risk transfers at destination after import clearance', 2020, 1)
INSERT [dbo].[incoterm] ([incoterm_id], [code], [name], [transport_mode], [risk_transfer], [version_year], [is_active]) VALUES (8, N'FAS', N'Free Alongside Ship', N'SEA_INLAND_WATERWAY', N'Risk at ship side named port', 2020, 1)
INSERT [dbo].[incoterm] ([incoterm_id], [code], [name], [transport_mode], [risk_transfer], [version_year], [is_active]) VALUES (9, N'FOB', N'Free on Board', N'SEA_INLAND_WATERWAY', N'Risk on board vessel at loading port', 2020, 1)
INSERT [dbo].[incoterm] ([incoterm_id], [code], [name], [transport_mode], [risk_transfer], [version_year], [is_active]) VALUES (10, N'CFR', N'Cost and Freight', N'SEA_INLAND_WATERWAY', N'Risk on board vessel at loading port', 2020, 1)
INSERT [dbo].[incoterm] ([incoterm_id], [code], [name], [transport_mode], [risk_transfer], [version_year], [is_active]) VALUES (11, N'CIF', N'Cost Insurance and Freight', N'SEA_INLAND_WATERWAY', N'Risk on board vessel at loading port', 2020, 1)
SET IDENTITY_INSERT [dbo].[incoterm] OFF

SET IDENTITY_INSERT [dbo].[payment_method] ON 

INSERT [dbo].[payment_method] ([payment_method_id], [type_code], [type_name], [description], [sort_order], [is_active], [created_at], [created_by], [updated_at], [updated_by]) VALUES (1, N'WIRE', N'Wire Transfer', N'Bank-to-bank SWIFT wire transfer', 1, 1, CAST(N'2026-07-12T11:19:45.1637010' AS DateTime2), N'SYSTEM', CAST(N'2026-07-12T11:19:45.1637010' AS DateTime2), N'SYSTEM')
INSERT [dbo].[payment_method] ([payment_method_id], [type_code], [type_name], [description], [sort_order], [is_active], [created_at], [created_by], [updated_at], [updated_by]) VALUES (2, N'LETTER_OF_CREDIT', N'Letter of Credit', N'Documentary LC — irrevocable or revolving', 2, 1, CAST(N'2026-07-12T11:19:45.1637010' AS DateTime2), N'SYSTEM', CAST(N'2026-07-12T11:19:45.1637010' AS DateTime2), N'SYSTEM')
INSERT [dbo].[payment_method] ([payment_method_id], [type_code], [type_name], [description], [sort_order], [is_active], [created_at], [created_by], [updated_at], [updated_by]) VALUES (3, N'BANK_GUARANTEE', N'Bank Guarantee', N'Performance or payment bank guarantee', 3, 1, CAST(N'2026-07-12T11:19:45.1637010' AS DateTime2), N'SYSTEM', CAST(N'2026-07-12T11:19:45.1637010' AS DateTime2), N'SYSTEM')
INSERT [dbo].[payment_method] ([payment_method_id], [type_code], [type_name], [description], [sort_order], [is_active], [created_at], [created_by], [updated_at], [updated_by]) VALUES (4, N'PREPAYMENT', N'Prepayment', N'Full or partial payment before delivery', 4, 1, CAST(N'2026-07-12T11:19:45.1637010' AS DateTime2), N'SYSTEM', CAST(N'2026-07-12T11:19:45.1637010' AS DateTime2), N'SYSTEM')
INSERT [dbo].[payment_method] ([payment_method_id], [type_code], [type_name], [description], [sort_order], [is_active], [created_at], [created_by], [updated_at], [updated_by]) VALUES (5, N'NETTING', N'Netting', N'Net settlement against offsetting obligations', 5, 1, CAST(N'2026-07-12T11:19:45.1637010' AS DateTime2), N'SYSTEM', CAST(N'2026-07-12T11:19:45.1637010' AS DateTime2), N'SYSTEM')
INSERT [dbo].[payment_method] ([payment_method_id], [type_code], [type_name], [description], [sort_order], [is_active], [created_at], [created_by], [updated_at], [updated_by]) VALUES (6, N'CHEQUE', N'Cheque', N'Physical or electronic cheque payment', 6, 1, CAST(N'2026-07-12T11:19:45.1637010' AS DateTime2), N'SYSTEM', CAST(N'2026-07-12T11:19:45.1637010' AS DateTime2), N'SYSTEM')
INSERT [dbo].[payment_method] ([payment_method_id], [type_code], [type_name], [description], [sort_order], [is_active], [created_at], [created_by], [updated_at], [updated_by]) VALUES (7, N'OTHER', N'Other', N'Other payment mechanism — see notes', 7, 1, CAST(N'2026-07-12T11:19:45.1637010' AS DateTime2), N'SYSTEM', CAST(N'2026-07-12T11:19:45.1637010' AS DateTime2), N'SYSTEM')
SET IDENTITY_INSERT [dbo].[payment_method] OFF

SET IDENTITY_INSERT [dbo].[payment_term] ON 

INSERT [dbo].[payment_term] ([payment_term_id], [term_code], [term_name], [offset_days], [days_basis], [calendar_id], [description], [is_active], [payment_method], [base_date_event], [month_offset], [fixed_day_of_month], [business_day_convention], [discount_days], [discount_pct], [is_default], [invoice_lead_days]) VALUES (1, N'NET_30', N'Net 30 Calendar Days', 30, N'CALENDAR', NULL, N'Payment due 30 calendar days from invoice date. System default.', 1, 1, N'INVOICE_DATE', 0, NULL, N'MOD_FOLLOWING', NULL, NULL, 1, 0)
INSERT [dbo].[payment_term] ([payment_term_id], [term_code], [term_name], [offset_days], [days_basis], [calendar_id], [description], [is_active], [payment_method], [base_date_event], [month_offset], [fixed_day_of_month], [business_day_convention], [discount_days], [discount_pct], [is_default], [invoice_lead_days]) VALUES (2, N'NET_45', N'Net 45 Calendar Days', 45, N'CALENDAR', NULL, N'Payment due 45 calendar days from invoice date.', 1, 1, N'INVOICE_DATE', 0, NULL, N'MOD_FOLLOWING', NULL, NULL, 0, 0)
INSERT [dbo].[payment_term] ([payment_term_id], [term_code], [term_name], [offset_days], [days_basis], [calendar_id], [description], [is_active], [payment_method], [base_date_event], [month_offset], [fixed_day_of_month], [business_day_convention], [discount_days], [discount_pct], [is_default], [invoice_lead_days]) VALUES (3, N'NET_60', N'Net 60 Calendar Days', 60, N'CALENDAR', NULL, N'Extended payment terms — agricultural bulk and long-haul trades.', 1, 1, N'INVOICE_DATE', 0, NULL, N'MOD_FOLLOWING', NULL, NULL, 0, 0)
INSERT [dbo].[payment_term] ([payment_term_id], [term_code], [term_name], [offset_days], [days_basis], [calendar_id], [description], [is_active], [payment_method], [base_date_event], [month_offset], [fixed_day_of_month], [business_day_convention], [discount_days], [discount_pct], [is_default], [invoice_lead_days]) VALUES (4, N'NET_5_BIZ', N'Net 5 Business Days', 5, N'BUSINESS', NULL, N'Payment 5 business days from invoice date.', 1, 1, N'INVOICE_DATE', 0, NULL, N'MOD_FOLLOWING', NULL, NULL, 0, 0)
INSERT [dbo].[payment_term] ([payment_term_id], [term_code], [term_name], [offset_days], [days_basis], [calendar_id], [description], [is_active], [payment_method], [base_date_event], [month_offset], [fixed_day_of_month], [business_day_convention], [discount_days], [discount_pct], [is_default], [invoice_lead_days]) VALUES (5, N'NET_10_BIZ', N'Net 10 Business Days', 10, N'BUSINESS', NULL, N'Payment 10 business days from invoice date.', 1, 1, N'INVOICE_DATE', 0, NULL, N'MOD_FOLLOWING', NULL, NULL, 0, 0)
INSERT [dbo].[payment_term] ([payment_term_id], [term_code], [term_name], [offset_days], [days_basis], [calendar_id], [description], [is_active], [payment_method], [base_date_event], [month_offset], [fixed_day_of_month], [business_day_convention], [discount_days], [discount_pct], [is_default], [invoice_lead_days]) VALUES (6, N'2_10_NET_30', N'2% / 10 Net 30', 30, N'CALENDAR', NULL, N'2 % early payment discount if settled within 10 days; otherwise net 30.', 1, 1, N'INVOICE_DATE', 0, NULL, N'MOD_FOLLOWING', 10, CAST(0.0200 AS Decimal(7, 4)), 0, 0)
INSERT [dbo].[payment_term] ([payment_term_id], [term_code], [term_name], [offset_days], [days_basis], [calendar_id], [description], [is_active], [payment_method], [base_date_event], [month_offset], [fixed_day_of_month], [business_day_convention], [discount_days], [discount_pct], [is_default], [invoice_lead_days]) VALUES (7, N'BL_PLUS_30', N'BL Date +30 Calendar Days', 30, N'CALENDAR', NULL, N'Crude oil standard — 30 calendar days from Bill of Lading date.', 1, 1, N'BL_DATE', 0, NULL, N'MOD_FOLLOWING', NULL, NULL, 0, 0)
INSERT [dbo].[payment_term] ([payment_term_id], [term_code], [term_name], [offset_days], [days_basis], [calendar_id], [description], [is_active], [payment_method], [base_date_event], [month_offset], [fixed_day_of_month], [business_day_convention], [discount_days], [discount_pct], [is_default], [invoice_lead_days]) VALUES (8, N'BL_PLUS_45', N'BL Date +45 Calendar Days', 45, N'CALENDAR', NULL, N'LNG cargo standard — 45 calendar days from Bill of Lading date.', 1, 1, N'BL_DATE', 0, NULL, N'MOD_FOLLOWING', NULL, NULL, 0, 0)
INSERT [dbo].[payment_term] ([payment_term_id], [term_code], [term_name], [offset_days], [days_basis], [calendar_id], [description], [is_active], [payment_method], [base_date_event], [month_offset], [fixed_day_of_month], [business_day_convention], [discount_days], [discount_pct], [is_default], [invoice_lead_days]) VALUES (9, N'BL_PLUS_5_BIZ', N'BL Date +5 Business Days', 5, N'BUSINESS', NULL, N'Product cargoes — 5 business days from B/L date.', 1, 1, N'BL_DATE', 0, NULL, N'MOD_FOLLOWING', NULL, NULL, 0, 0)
INSERT [dbo].[payment_term] ([payment_term_id], [term_code], [term_name], [offset_days], [days_basis], [calendar_id], [description], [is_active], [payment_method], [base_date_event], [month_offset], [fixed_day_of_month], [business_day_convention], [discount_days], [discount_pct], [is_default], [invoice_lead_days]) VALUES (10, N'NOR_PLUS_7_BIZ', N'NOR Tendered +7 Business Days', 7, N'BUSINESS', NULL, N'Tanker demurrage / outturn — 7 business days from Notice of Readiness.', 1, 1, N'NOR_TENDERED', 0, NULL, N'MOD_FOLLOWING', NULL, NULL, 0, 0)
INSERT [dbo].[payment_term] ([payment_term_id], [term_code], [term_name], [offset_days], [days_basis], [calendar_id], [description], [is_active], [payment_method], [base_date_event], [month_offset], [fixed_day_of_month], [business_day_convention], [discount_days], [discount_pct], [is_default], [invoice_lead_days]) VALUES (11, N'M_PLUS_20', N'EDM +20 Calendar Days', 20, N'CALENDAR', NULL, N'Gas pipeline — 20 calendar days after end of delivery month.', 1, 1, N'END_OF_DELIVERY_MONTH', 0, NULL, N'MOD_FOLLOWING', NULL, NULL, 0, 0)
INSERT [dbo].[payment_term] ([payment_term_id], [term_code], [term_name], [offset_days], [days_basis], [calendar_id], [description], [is_active], [payment_method], [base_date_event], [month_offset], [fixed_day_of_month], [business_day_convention], [discount_days], [discount_pct], [is_default], [invoice_lead_days]) VALUES (12, N'M1_DOM_20', N'20th of Month Following Delivery', 0, N'CALENDAR', NULL, N'Power — fixed 20th of the month following the delivery month.', 1, 1, N'END_OF_DELIVERY_MONTH', 1, 20, N'MOD_FOLLOWING', NULL, NULL, 0, 0)
INSERT [dbo].[payment_term] ([payment_term_id], [term_code], [term_name], [offset_days], [days_basis], [calendar_id], [description], [is_active], [payment_method], [base_date_event], [month_offset], [fixed_day_of_month], [business_day_convention], [discount_days], [discount_pct], [is_default], [invoice_lead_days]) VALUES (13, N'M1_DOM_25', N'25th of Month Following Delivery', 0, N'CALENDAR', NULL, N'Gas — fixed 25th of the month following the delivery month.', 1, 1, N'END_OF_DELIVERY_MONTH', 1, 25, N'MOD_FOLLOWING', NULL, NULL, 0, 0)
INSERT [dbo].[payment_term] ([payment_term_id], [term_code], [term_name], [offset_days], [days_basis], [calendar_id], [description], [is_active], [payment_method], [base_date_event], [month_offset], [fixed_day_of_month], [business_day_convention], [discount_days], [discount_pct], [is_default], [invoice_lead_days]) VALUES (14, N'NETTING_EFET', N'EFET Monthly Netting', 0, N'BUSINESS', NULL, N'EFET bilateral netting — net position settled at start of following month.', 1, 5, N'END_OF_DELIVERY_MONTH', 1, NULL, N'MOD_FOLLOWING', NULL, NULL, 0, 0)
INSERT [dbo].[payment_term] ([payment_term_id], [term_code], [term_name], [offset_days], [days_basis], [calendar_id], [description], [is_active], [payment_method], [base_date_event], [month_offset], [fixed_day_of_month], [business_day_convention], [discount_days], [discount_pct], [is_default], [invoice_lead_days]) VALUES (15, N'LME_2_BIZ', N'LME Prompt +2 Business Days', 2, N'BUSINESS', 4, N'LME standard — payment 2 business days after the pricing / prompt date.', 1, 1, N'PRICING_DATE', 0, NULL, N'MOD_FOLLOWING', NULL, NULL, 0, 0)
INSERT [dbo].[payment_term] ([payment_term_id], [term_code], [term_name], [offset_days], [days_basis], [calendar_id], [description], [is_active], [payment_method], [base_date_event], [month_offset], [fixed_day_of_month], [business_day_convention], [discount_days], [discount_pct], [is_default], [invoice_lead_days]) VALUES (16, N'COMEX_1_BIZ', N'COMEX Settlement +1 Business Day', 1, N'BUSINESS', 3, N'COMEX / NYMEX cleared metals — T+1 business day settlement.', 1, 1, N'SETTLEMENT_DATE', 0, NULL, N'MOD_FOLLOWING', NULL, NULL, 0, 0)
INSERT [dbo].[payment_term] ([payment_term_id], [term_code], [term_name], [offset_days], [days_basis], [calendar_id], [description], [is_active], [payment_method], [base_date_event], [month_offset], [fixed_day_of_month], [business_day_convention], [discount_days], [discount_pct], [is_default], [invoice_lead_days]) VALUES (17, N'PREPAY_3D', N'Prepayment 3 Days Prior', -3, N'CALENDAR', NULL, N'Payment required 3 calendar days before delivery — high-risk counterparties.', 1, 1, N'DELIVERY_DATE', 0, NULL, N'MOD_PRECEDING', NULL, NULL, 0, -3)
INSERT [dbo].[payment_term] ([payment_term_id], [term_code], [term_name], [offset_days], [days_basis], [calendar_id], [description], [is_active], [payment_method], [base_date_event], [month_offset], [fixed_day_of_month], [business_day_convention], [discount_days], [discount_pct], [is_default], [invoice_lead_days]) VALUES (18, N'LC_AT_SIGHT', N'Letter of Credit at Sight', 7, N'BUSINESS', NULL, N'Documentary LC payable at sight — typically 5-7 banking days after presentation.', 1, 2, N'BL_DATE', 0, NULL, N'MOD_FOLLOWING', NULL, NULL, 0, 0)
INSERT [dbo].[payment_term] ([payment_term_id], [term_code], [term_name], [offset_days], [days_basis], [calendar_id], [description], [is_active], [payment_method], [base_date_event], [month_offset], [fixed_day_of_month], [business_day_convention], [discount_days], [discount_pct], [is_default], [invoice_lead_days]) VALUES (19, N'LC_90', N'Letter of Credit 90 Days Usance', 90, N'CALENDAR', NULL, N'90-day usance LC — deferred payment letter of credit from B/L date.', 1, 2, N'BL_DATE', 0, NULL, N'MOD_FOLLOWING', NULL, NULL, 0, 0)
INSERT [dbo].[payment_term] ([payment_term_id], [term_code], [term_name], [offset_days], [days_basis], [calendar_id], [description], [is_active], [payment_method], [base_date_event], [month_offset], [fixed_day_of_month], [business_day_convention], [discount_days], [discount_pct], [is_default], [invoice_lead_days]) VALUES (20, N'BG_30', N'Bank Guarantee 30 Days', 30, N'CALENDAR', NULL, N'Payment backed by bank guarantee, due 30 calendar days from delivery.', 1, 3, N'DELIVERY_DATE', 0, NULL, N'MOD_FOLLOWING', NULL, NULL, 0, 0)
SET IDENTITY_INSERT [dbo].[payment_term] OFF

SET IDENTITY_INSERT [dbo].[transport_document_type] ON 

INSERT [dbo].[transport_document_type] ([doc_type_id], [mot_type_id], [doc_type_code], [doc_type_name], [is_mandatory], [description], [is_active]) VALUES (1, NULL, N'BOL', N'Bill of Lading', 1, N'Title document for sea shipments', 1)
INSERT [dbo].[transport_document_type] ([doc_type_id], [mot_type_id], [doc_type_code], [doc_type_name], [is_mandatory], [description], [is_active]) VALUES (2, NULL, N'COQ', N'Certificate of Quality', 1, N'Lab analysis of cargo quality', 1)
INSERT [dbo].[transport_document_type] ([doc_type_id], [mot_type_id], [doc_type_code], [doc_type_name], [is_mandatory], [description], [is_active]) VALUES (3, NULL, N'COO', N'Certificate of Origin', 0, N'Country of origin certificate', 1)
INSERT [dbo].[transport_document_type] ([doc_type_id], [mot_type_id], [doc_type_code], [doc_type_name], [is_mandatory], [description], [is_active]) VALUES (4, NULL, N'COQTY', N'Certificate of Quantity', 1, N'Independent quantity measurement', 1)
INSERT [dbo].[transport_document_type] ([doc_type_id], [mot_type_id], [doc_type_code], [doc_type_name], [is_mandatory], [description], [is_active]) VALUES (5, NULL, N'NOR', N'Notice of Readiness', 1, N'Vessel ready to load/discharge', 1)
INSERT [dbo].[transport_document_type] ([doc_type_id], [mot_type_id], [doc_type_code], [doc_type_name], [is_mandatory], [description], [is_active]) VALUES (6, NULL, N'ULLAGE_RPT', N'Ullage/Gauge Report', 1, N'Tank measurement report', 1)
INSERT [dbo].[transport_document_type] ([doc_type_id], [mot_type_id], [doc_type_code], [doc_type_name], [is_mandatory], [description], [is_active]) VALUES (7, NULL, N'SGS_RPT', N'Independent Inspection Report', 0, N'SGS/Saybolt/Bureau Veritas report', 1)
INSERT [dbo].[transport_document_type] ([doc_type_id], [mot_type_id], [doc_type_code], [doc_type_name], [is_mandatory], [description], [is_active]) VALUES (8, 4, N'CMR', N'CMR Road Consignment Note', 1, N'Road transport waybill (Europe)', 1)
INSERT [dbo].[transport_document_type] ([doc_type_id], [mot_type_id], [doc_type_code], [doc_type_name], [is_mandatory], [description], [is_active]) VALUES (9, 4, N'ADR_DOCS', N'ADR Dangerous Goods Documents', 1, N'Hazmat road transport papers', 1)
INSERT [dbo].[transport_document_type] ([doc_type_id], [mot_type_id], [doc_type_code], [doc_type_name], [is_mandatory], [description], [is_active]) VALUES (10, 5, N'RAIL_WAYBILL', N'Rail Waybill (CIM/SMGS)', 1, N'Rail transport document', 1)
INSERT [dbo].[transport_document_type] ([doc_type_id], [mot_type_id], [doc_type_code], [doc_type_name], [is_mandatory], [description], [is_active]) VALUES (11, 3, N'PIPELINE_TICKET', N'Pipeline Allocation Ticket', 1, N'Pipeline measurement/allocation', 1)
INSERT [dbo].[transport_document_type] ([doc_type_id], [mot_type_id], [doc_type_code], [doc_type_name], [is_mandatory], [description], [is_active]) VALUES (12, 3, N'GAS_SCHEDULE', N'Gas Nomination/Schedule', 1, N'Pipeline gas scheduling document', 1)
INSERT [dbo].[transport_document_type] ([doc_type_id], [mot_type_id], [doc_type_code], [doc_type_name], [is_mandatory], [description], [is_active]) VALUES (13, 6, N'CONTAINER_CERT', N'Container Inspection Certificate', 1, N'CSC/ISO tank certificate', 1)
INSERT [dbo].[transport_document_type] ([doc_type_id], [mot_type_id], [doc_type_code], [doc_type_name], [is_mandatory], [description], [is_active]) VALUES (14, NULL, N'IMPORT_LICENCE', N'Import Licence', 0, N'Required for certain commodities/countries', 1)
INSERT [dbo].[transport_document_type] ([doc_type_id], [mot_type_id], [doc_type_code], [doc_type_name], [is_mandatory], [description], [is_active]) VALUES (15, NULL, N'EXPORT_LICENCE', N'Export Licence', 0, N'Required for certain commodities/countries', 1)
INSERT [dbo].[transport_document_type] ([doc_type_id], [mot_type_id], [doc_type_code], [doc_type_name], [is_mandatory], [description], [is_active]) VALUES (16, NULL, N'PHYTO_CERT', N'Phytosanitary Certificate', 0, N'Required for agricultural imports', 1)
SET IDENTITY_INSERT [dbo].[transport_document_type] OFF

SET IDENTITY_INSERT [dbo].[broker_fee_agreement] ON 

INSERT [dbo].[broker_fee_agreement] ([agreement_id], [broker_id], [agreement_code], [description], [commodity_type], [product_id], [trade_type], [fee_type], [fee_rate], [pay_period], [payment_due_days], [minimum_fee], [maximum_fee], [effective_from], [effective_to], [is_active], [created_at], [uom_id], [fee_currency_id]) VALUES (1, 1, N'ICAP-OIL-2026', N'ICAP Energy OTC crude oil rate. Covers North Sea and Mediterranean physical cargoes and OTC Brent/WTI swaps.', N'OIL', NULL, NULL, N'PER_LOT', CAST(0.020000 AS Decimal(18, 6)), N'MONTHLY', 30, CAST(2000.00 AS Decimal(14, 2)), NULL, CAST(N'2026-01-01' AS Date), NULL, 1, CAST(N'2026-07-12T11:19:46.7700000' AS DateTime2), 1, 1)
INSERT [dbo].[broker_fee_agreement] ([agreement_id], [broker_id], [agreement_code], [description], [commodity_type], [product_id], [trade_type], [fee_type], [fee_rate], [pay_period], [payment_due_days], [minimum_fee], [maximum_fee], [effective_from], [effective_to], [is_active], [created_at], [uom_id], [fee_currency_id]) VALUES (2, 3, N'BGC-OIL-2026', N'BGC Partners crude oil and products rate. Covers Mediterranean and West African physical cargoes.', N'OIL', NULL, NULL, N'PER_LOT', CAST(0.030000 AS Decimal(18, 6)), N'MONTHLY', 30, CAST(3000.00 AS Decimal(14, 2)), NULL, CAST(N'2026-01-01' AS Date), NULL, 1, CAST(N'2026-07-12T11:19:46.7700000' AS DateTime2), 1, 1)
INSERT [dbo].[broker_fee_agreement] ([agreement_id], [broker_id], [agreement_code], [description], [commodity_type], [product_id], [trade_type], [fee_type], [fee_rate], [pay_period], [payment_due_days], [minimum_fee], [maximum_fee], [effective_from], [effective_to], [is_active], [created_at], [uom_id], [fee_currency_id]) VALUES (3, 5, N'TPICAP-GAS-2026', N'TP ICAP gas brokerage. Covers TTF, NBP, NCG, PEG. Voice and Parameta electronic.', N'GAS', NULL, NULL, N'PER_LOT', CAST(0.010000 AS Decimal(18, 6)), N'MONTHLY', 30, CAST(1500.00 AS Decimal(14, 2)), NULL, CAST(N'2026-01-01' AS Date), NULL, 1, CAST(N'2026-07-12T11:19:46.7700000' AS DateTime2), 4, 2)
INSERT [dbo].[broker_fee_agreement] ([agreement_id], [broker_id], [agreement_code], [description], [commodity_type], [product_id], [trade_type], [fee_type], [fee_rate], [pay_period], [payment_due_days], [minimum_fee], [maximum_fee], [effective_from], [effective_to], [is_active], [created_at], [uom_id], [fee_currency_id]) VALUES (4, 2, N'GFI-POWER-2026', N'GFI Group power brokerage. EEX Germany baseload/peak, French and Belgian power OTC.', N'POWER', NULL, NULL, N'PER_LOT', CAST(0.015000 AS Decimal(18, 6)), N'MONTHLY', 30, CAST(1000.00 AS Decimal(14, 2)), NULL, CAST(N'2026-01-01' AS Date), NULL, 1, CAST(N'2026-07-12T11:19:46.7700000' AS DateTime2), 4, 2)
INSERT [dbo].[broker_fee_agreement] ([agreement_id], [broker_id], [agreement_code], [description], [commodity_type], [product_id], [trade_type], [fee_type], [fee_rate], [pay_period], [payment_due_days], [minimum_fee], [maximum_fee], [effective_from], [effective_to], [is_active], [created_at], [uom_id], [fee_currency_id]) VALUES (5, 4, N'TRADITION-FREIGHT-2026', N'Tradition freight brokerage. Flat fee per voyage for TD3C, TC2, and BS3 routes. BIMCO proforma.', N'FREIGHT', NULL, NULL, N'FLAT_PER_TRADE', CAST(2500.000000 AS Decimal(18, 6)), N'PER_TRADE', 5, NULL, NULL, CAST(N'2026-01-01' AS Date), NULL, 1, CAST(N'2026-07-12T11:19:46.7700000' AS DateTime2), NULL, 1)
INSERT [dbo].[broker_fee_agreement] ([agreement_id], [broker_id], [agreement_code], [description], [commodity_type], [product_id], [trade_type], [fee_type], [fee_rate], [pay_period], [payment_due_days], [minimum_fee], [maximum_fee], [effective_from], [effective_to], [is_active], [created_at], [uom_id], [fee_currency_id]) VALUES (6, 6, N'TULLETT-METALS-2026', N'Tullett Prebon metals brokerage. LME copper, aluminium, zinc, nickel. Cash and 3-month contracts.', N'METALS', NULL, NULL, N'PER_LOT', CAST(1.000000 AS Decimal(18, 6)), N'MONTHLY', 30, CAST(2000.00 AS Decimal(14, 2)), NULL, CAST(N'2026-01-01' AS Date), NULL, 1, CAST(N'2026-07-12T11:19:46.7700000' AS DateTime2), 3, 1)
INSERT [dbo].[broker_fee_agreement] ([agreement_id], [broker_id], [agreement_code], [description], [commodity_type], [product_id], [trade_type], [fee_type], [fee_rate], [pay_period], [payment_due_days], [minimum_fee], [maximum_fee], [effective_from], [effective_to], [is_active], [created_at], [uom_id], [fee_currency_id]) VALUES (7, 1, N'ICAP-OIL-FIN-2026', N'ICAP Energy financial OTC rate. Applies to Brent and WTI OTC swap and CFD trades only.', N'OIL', NULL, N'FINANCIAL', N'PCT_NOTIONAL', CAST(0.000400 AS Decimal(18, 6)), N'MONTHLY', 30, NULL, NULL, CAST(N'2026-01-01' AS Date), NULL, 1, CAST(N'2026-07-12T11:19:46.7700000' AS DateTime2), NULL, 1)
INSERT [dbo].[broker_fee_agreement] ([agreement_id], [broker_id], [agreement_code], [description], [commodity_type], [product_id], [trade_type], [fee_type], [fee_rate], [pay_period], [payment_due_days], [minimum_fee], [maximum_fee], [effective_from], [effective_to], [is_active], [created_at], [uom_id], [fee_currency_id]) VALUES (8, 7, N'SPARK-LNG-2026', N'Spark Commodities electronic LNG brokerage. JKM spot, FOB Atlantic, DES regas. Pure electronic — no voice.', N'LNG', NULL, NULL, N'PER_LOT', CAST(0.010000 AS Decimal(18, 6)), N'MONTHLY', 30, NULL, CAST(5000.00 AS Decimal(14, 2)), CAST(N'2026-01-01' AS Date), NULL, 1, CAST(N'2026-07-12T11:19:46.7700000' AS DateTime2), 7, 1)
SET IDENTITY_INSERT [dbo].[broker_fee_agreement] OFF

