-- =============================================================================
-- SmartETRM — Reference/Seed Data: Power & Energy
-- =============================================================================
-- GENERATED FILE — do not hand-edit. Extracted from a live, fully-migrated
-- ETRM_DB (post-V96) via mssql-scripter, one table at a time.
--
-- REFERENCE ONLY — not guaranteed independently runnable in isolation.
-- SmartETRM's Master Data Hub groups are NOT a dependency hierarchy — most
-- groups have FKs pointing at each other in both directions (e.g. Products &
-- Markets needs Finance & Settlement's currency rows; Finance & Settlement's
-- bank_account needs Counterparties & Agreements' counterparty rows). There is
-- no group-by-group load order that satisfies every FK. For an actually-
-- runnable full load, use 01_master_data_seed.sql instead, which loads all
-- 154 tables' data in a verified-safe per-table order. This file exists so you
-- can find/read/diff "what's the seed data for Power & Energy" without wading through
-- the combined file.
--
-- Tables in this file (13): balancing_authority, load_shape_template, load_shape_component, load_shape_interval, power_ancillary_service_type, transmission_right_type, transmission_zone, energy_footprint, generation_asset, energy_footprint_site, interconnector, power_pnode, power_product_detail
-- =============================================================================

SET ANSI_NULLS ON
GO
SET QUOTED_IDENTIFIER ON
GO

SET IDENTITY_INSERT [dbo].[balancing_authority] ON 

INSERT [dbo].[balancing_authority] ([balancing_authority_id], [ba_code], [ba_name], [region], [market_type], [timezone], [website], [is_active], [notes], [created_at], [created_by], [updated_at], [updated_by], [country_id]) VALUES (1, N'PJM', N'PJM Interconnection', N'Mid-Atlantic / Midwest', N'RTO', N'America/New_York', NULL, 1, NULL, CAST(N'2026-07-12T11:19:44.6428660' AS DateTime2), N'SYSTEM', CAST(N'2026-07-12T11:19:44.6428660' AS DateTime2), N'SYSTEM', 2)
INSERT [dbo].[balancing_authority] ([balancing_authority_id], [ba_code], [ba_name], [region], [market_type], [timezone], [website], [is_active], [notes], [created_at], [created_by], [updated_at], [updated_by], [country_id]) VALUES (2, N'ERCOT', N'Electric Reliability Council of Texas', N'Texas', N'ISO', N'America/Chicago', NULL, 1, NULL, CAST(N'2026-07-12T11:19:44.6428660' AS DateTime2), N'SYSTEM', CAST(N'2026-07-12T11:19:44.6428660' AS DateTime2), N'SYSTEM', 2)
INSERT [dbo].[balancing_authority] ([balancing_authority_id], [ba_code], [ba_name], [region], [market_type], [timezone], [website], [is_active], [notes], [created_at], [created_by], [updated_at], [updated_by], [country_id]) VALUES (3, N'CAISO', N'California ISO', N'California', N'ISO', N'America/Los_Angeles', NULL, 1, NULL, CAST(N'2026-07-12T11:19:44.6428660' AS DateTime2), N'SYSTEM', CAST(N'2026-07-12T11:19:44.6428660' AS DateTime2), N'SYSTEM', 2)
INSERT [dbo].[balancing_authority] ([balancing_authority_id], [ba_code], [ba_name], [region], [market_type], [timezone], [website], [is_active], [notes], [created_at], [created_by], [updated_at], [updated_by], [country_id]) VALUES (4, N'MISO', N'Midcontinent ISO', N'Midwest', N'RTO', N'America/Chicago', NULL, 1, NULL, CAST(N'2026-07-12T11:19:44.6428660' AS DateTime2), N'SYSTEM', CAST(N'2026-07-12T11:19:44.6428660' AS DateTime2), N'SYSTEM', 2)
INSERT [dbo].[balancing_authority] ([balancing_authority_id], [ba_code], [ba_name], [region], [market_type], [timezone], [website], [is_active], [notes], [created_at], [created_by], [updated_at], [updated_by], [country_id]) VALUES (5, N'NYISO', N'New York ISO', N'New York', N'ISO', N'America/New_York', NULL, 1, NULL, CAST(N'2026-07-12T11:19:44.6428660' AS DateTime2), N'SYSTEM', CAST(N'2026-07-12T11:19:44.6428660' AS DateTime2), N'SYSTEM', 2)
INSERT [dbo].[balancing_authority] ([balancing_authority_id], [ba_code], [ba_name], [region], [market_type], [timezone], [website], [is_active], [notes], [created_at], [created_by], [updated_at], [updated_by], [country_id]) VALUES (6, N'NGESO', N'National Grid Electricity System Operator', N'Great Britain', N'TSO', N'Europe/London', NULL, 1, NULL, CAST(N'2026-07-12T11:19:44.6428660' AS DateTime2), N'SYSTEM', CAST(N'2026-07-12T11:19:44.6428660' AS DateTime2), N'SYSTEM', 1)
INSERT [dbo].[balancing_authority] ([balancing_authority_id], [ba_code], [ba_name], [region], [market_type], [timezone], [website], [is_active], [notes], [created_at], [created_by], [updated_at], [updated_by], [country_id]) VALUES (7, N'TENNET', N'TenneT TSO', N'Netherlands/Germany', N'TSO', N'Europe/Berlin', NULL, 1, NULL, CAST(N'2026-07-12T11:19:44.6428660' AS DateTime2), N'SYSTEM', CAST(N'2026-07-12T11:19:44.6428660' AS DateTime2), N'SYSTEM', 3)
SET IDENTITY_INSERT [dbo].[balancing_authority] OFF

SET IDENTITY_INSERT [dbo].[load_shape_template] ON 

INSERT [dbo].[load_shape_template] ([load_shape_id], [shape_code], [shape_name], [shape_type], [applicable_days], [start_hour], [end_hour], [hours_per_day], [timezone_basis], [description], [is_active], [created_at], [created_by], [updated_at], [updated_by], [interval_minutes], [is_composite]) VALUES (1, N'BASELOAD', N'Baseload (7x24)', N'BASELOAD', N'ALL', 0, 24, CAST(24.00 AS Decimal(4, 2)), NULL, N'Flat delivery every hour, every day.', 1, CAST(N'2026-07-12T11:19:44.6577541' AS DateTime2), N'SYSTEM', CAST(N'2026-07-12T11:19:44.6577541' AS DateTime2), N'SYSTEM', 60, 0)
INSERT [dbo].[load_shape_template] ([load_shape_id], [shape_code], [shape_name], [shape_type], [applicable_days], [start_hour], [end_hour], [hours_per_day], [timezone_basis], [description], [is_active], [created_at], [created_by], [updated_at], [updated_by], [interval_minutes], [is_composite]) VALUES (2, N'PEAK_US', N'US Peak (5x16, HE07-22)', N'PEAK', N'WEEKDAYS', 7, 23, CAST(16.00 AS Decimal(4, 2)), N'America/New_York', N'Standard US on-peak window, hour-ending 07 through 22, weekdays excluding NERC holidays.', 1, CAST(N'2026-07-12T11:19:44.6577541' AS DateTime2), N'SYSTEM', CAST(N'2026-07-12T11:19:44.6577541' AS DateTime2), N'SYSTEM', 60, 0)
INSERT [dbo].[load_shape_template] ([load_shape_id], [shape_code], [shape_name], [shape_type], [applicable_days], [start_hour], [end_hour], [hours_per_day], [timezone_basis], [description], [is_active], [created_at], [created_by], [updated_at], [updated_by], [interval_minutes], [is_composite]) VALUES (3, N'OFFPEAK_US', N'US Off-Peak', N'OFFPEAK', N'ALL', 23, 7, CAST(8.00 AS Decimal(4, 2)), N'America/New_York', N'All hours outside the US peak window, including weekends.', 1, CAST(N'2026-07-12T11:19:44.6577541' AS DateTime2), N'SYSTEM', CAST(N'2026-07-12T11:19:44.6577541' AS DateTime2), N'SYSTEM', 60, 0)
INSERT [dbo].[load_shape_template] ([load_shape_id], [shape_code], [shape_name], [shape_type], [applicable_days], [start_hour], [end_hour], [hours_per_day], [timezone_basis], [description], [is_active], [created_at], [created_by], [updated_at], [updated_by], [interval_minutes], [is_composite]) VALUES (4, N'PEAK_EU', N'EU Peak (08:00-20:00 CET)', N'PEAK', N'WEEKDAYS', 8, 20, CAST(12.00 AS Decimal(4, 2)), N'Europe/Berlin', N'Standard continental European on-peak window, weekdays.', 1, CAST(N'2026-07-12T11:19:44.6577541' AS DateTime2), N'SYSTEM', CAST(N'2026-07-12T11:19:44.6577541' AS DateTime2), N'SYSTEM', 60, 0)
INSERT [dbo].[load_shape_template] ([load_shape_id], [shape_code], [shape_name], [shape_type], [applicable_days], [start_hour], [end_hour], [hours_per_day], [timezone_basis], [description], [is_active], [created_at], [created_by], [updated_at], [updated_by], [interval_minutes], [is_composite]) VALUES (5, N'OFFPEAK_EU', N'EU Off-Peak', N'OFFPEAK', N'ALL', 20, 8, CAST(12.00 AS Decimal(4, 2)), N'Europe/Berlin', N'All hours outside the EU peak window, including weekends.', 1, CAST(N'2026-07-12T11:19:44.6577541' AS DateTime2), N'SYSTEM', CAST(N'2026-07-12T11:19:44.6577541' AS DateTime2), N'SYSTEM', 60, 0)
INSERT [dbo].[load_shape_template] ([load_shape_id], [shape_code], [shape_name], [shape_type], [applicable_days], [start_hour], [end_hour], [hours_per_day], [timezone_basis], [description], [is_active], [created_at], [created_by], [updated_at], [updated_by], [interval_minutes], [is_composite]) VALUES (6, N'WKND_24', N'Weekend 24h', N'CUSTOM', N'WEEKENDS', 0, 24, CAST(24.00 AS Decimal(4, 2)), NULL, N'Full weekend delivery, both days, all hours.', 1, CAST(N'2026-07-12T11:19:44.6577541' AS DateTime2), N'SYSTEM', CAST(N'2026-07-12T11:19:44.6577541' AS DateTime2), N'SYSTEM', 60, 0)
INSERT [dbo].[load_shape_template] ([load_shape_id], [shape_code], [shape_name], [shape_type], [applicable_days], [start_hour], [end_hour], [hours_per_day], [timezone_basis], [description], [is_active], [created_at], [created_by], [updated_at], [updated_by], [interval_minutes], [is_composite]) VALUES (7, N'SOLAR_PV', N'Solar PV Generation Shape', N'CUSTOM', N'ALL', NULL, NULL, NULL, N'America/Los_Angeles', N'Hourly bell-curve generation profile for PV; interval factors define the shape.', 1, CAST(N'2026-07-12T11:19:47.7816729' AS DateTime2), N'SYSTEM', CAST(N'2026-07-12T11:19:47.7816729' AS DateTime2), N'SYSTEM', 60, 0)
INSERT [dbo].[load_shape_template] ([load_shape_id], [shape_code], [shape_name], [shape_type], [applicable_days], [start_hour], [end_hour], [hours_per_day], [timezone_basis], [description], [is_active], [created_at], [created_by], [updated_at], [updated_by], [interval_minutes], [is_composite]) VALUES (8, N'EV_NIGHT', N'EV Overnight Charging Shape', N'CUSTOM', N'ALL', NULL, NULL, NULL, N'Europe/London', N'Charging-network demand profile weighted to off-peak overnight hours.', 1, CAST(N'2026-07-12T11:19:47.7816729' AS DateTime2), N'SYSTEM', CAST(N'2026-07-12T11:19:47.7816729' AS DateTime2), N'SYSTEM', 60, 0)
INSERT [dbo].[load_shape_template] ([load_shape_id], [shape_code], [shape_name], [shape_type], [applicable_days], [start_hour], [end_hour], [hours_per_day], [timezone_basis], [description], [is_active], [created_at], [created_by], [updated_at], [updated_by], [interval_minutes], [is_composite]) VALUES (9, N'ATC_US', N'US Around-the-Clock', N'CUSTOM', N'ALL', NULL, NULL, NULL, N'America/New_York', N'Composite shape: US peak + US off-peak children cover all hours.', 1, CAST(N'2026-07-12T11:19:47.7816729' AS DateTime2), N'SYSTEM', CAST(N'2026-07-12T11:19:47.7816729' AS DateTime2), N'SYSTEM', 60, 1)
SET IDENTITY_INSERT [dbo].[load_shape_template] OFF

SET IDENTITY_INSERT [dbo].[load_shape_component] ON 

INSERT [dbo].[load_shape_component] ([shape_component_id], [parent_load_shape_id], [child_load_shape_id], [weight_factor], [month_from], [month_to], [sequence_no], [notes], [created_at], [created_by], [updated_at], [updated_by]) VALUES (1, 9, 2, CAST(1.0000 AS Decimal(8, 4)), NULL, NULL, 1, NULL, CAST(N'2026-07-12T11:19:47.8071368' AS DateTime2), N'SYSTEM', CAST(N'2026-07-12T11:19:47.8071368' AS DateTime2), N'SYSTEM')
INSERT [dbo].[load_shape_component] ([shape_component_id], [parent_load_shape_id], [child_load_shape_id], [weight_factor], [month_from], [month_to], [sequence_no], [notes], [created_at], [created_by], [updated_at], [updated_by]) VALUES (2, 9, 3, CAST(1.0000 AS Decimal(8, 4)), NULL, NULL, 2, NULL, CAST(N'2026-07-12T11:19:47.8071368' AS DateTime2), N'SYSTEM', CAST(N'2026-07-12T11:19:47.8071368' AS DateTime2), N'SYSTEM')
SET IDENTITY_INSERT [dbo].[load_shape_component] OFF

SET IDENTITY_INSERT [dbo].[load_shape_interval] ON 

INSERT [dbo].[load_shape_interval] ([shape_interval_id], [load_shape_id], [day_type], [interval_no], [interval_factor], [created_at], [created_by], [updated_at], [updated_by]) VALUES (1, 7, N'ALL', 6, CAST(0.050000 AS Decimal(8, 6)), CAST(N'2026-07-12T11:19:47.7919813' AS DateTime2), N'SYSTEM', CAST(N'2026-07-12T11:19:47.7919813' AS DateTime2), N'SYSTEM')
INSERT [dbo].[load_shape_interval] ([shape_interval_id], [load_shape_id], [day_type], [interval_no], [interval_factor], [created_at], [created_by], [updated_at], [updated_by]) VALUES (2, 7, N'ALL', 7, CAST(0.200000 AS Decimal(8, 6)), CAST(N'2026-07-12T11:19:47.7919813' AS DateTime2), N'SYSTEM', CAST(N'2026-07-12T11:19:47.7919813' AS DateTime2), N'SYSTEM')
INSERT [dbo].[load_shape_interval] ([shape_interval_id], [load_shape_id], [day_type], [interval_no], [interval_factor], [created_at], [created_by], [updated_at], [updated_by]) VALUES (3, 7, N'ALL', 8, CAST(0.450000 AS Decimal(8, 6)), CAST(N'2026-07-12T11:19:47.7919813' AS DateTime2), N'SYSTEM', CAST(N'2026-07-12T11:19:47.7919813' AS DateTime2), N'SYSTEM')
INSERT [dbo].[load_shape_interval] ([shape_interval_id], [load_shape_id], [day_type], [interval_no], [interval_factor], [created_at], [created_by], [updated_at], [updated_by]) VALUES (4, 7, N'ALL', 9, CAST(0.700000 AS Decimal(8, 6)), CAST(N'2026-07-12T11:19:47.7919813' AS DateTime2), N'SYSTEM', CAST(N'2026-07-12T11:19:47.7919813' AS DateTime2), N'SYSTEM')
INSERT [dbo].[load_shape_interval] ([shape_interval_id], [load_shape_id], [day_type], [interval_no], [interval_factor], [created_at], [created_by], [updated_at], [updated_by]) VALUES (5, 7, N'ALL', 10, CAST(0.900000 AS Decimal(8, 6)), CAST(N'2026-07-12T11:19:47.7919813' AS DateTime2), N'SYSTEM', CAST(N'2026-07-12T11:19:47.7919813' AS DateTime2), N'SYSTEM')
INSERT [dbo].[load_shape_interval] ([shape_interval_id], [load_shape_id], [day_type], [interval_no], [interval_factor], [created_at], [created_by], [updated_at], [updated_by]) VALUES (6, 7, N'ALL', 11, CAST(1.000000 AS Decimal(8, 6)), CAST(N'2026-07-12T11:19:47.7919813' AS DateTime2), N'SYSTEM', CAST(N'2026-07-12T11:19:47.7919813' AS DateTime2), N'SYSTEM')
INSERT [dbo].[load_shape_interval] ([shape_interval_id], [load_shape_id], [day_type], [interval_no], [interval_factor], [created_at], [created_by], [updated_at], [updated_by]) VALUES (7, 7, N'ALL', 12, CAST(1.000000 AS Decimal(8, 6)), CAST(N'2026-07-12T11:19:47.7919813' AS DateTime2), N'SYSTEM', CAST(N'2026-07-12T11:19:47.7919813' AS DateTime2), N'SYSTEM')
INSERT [dbo].[load_shape_interval] ([shape_interval_id], [load_shape_id], [day_type], [interval_no], [interval_factor], [created_at], [created_by], [updated_at], [updated_by]) VALUES (8, 7, N'ALL', 13, CAST(0.950000 AS Decimal(8, 6)), CAST(N'2026-07-12T11:19:47.7919813' AS DateTime2), N'SYSTEM', CAST(N'2026-07-12T11:19:47.7919813' AS DateTime2), N'SYSTEM')
INSERT [dbo].[load_shape_interval] ([shape_interval_id], [load_shape_id], [day_type], [interval_no], [interval_factor], [created_at], [created_by], [updated_at], [updated_by]) VALUES (9, 7, N'ALL', 14, CAST(0.850000 AS Decimal(8, 6)), CAST(N'2026-07-12T11:19:47.7919813' AS DateTime2), N'SYSTEM', CAST(N'2026-07-12T11:19:47.7919813' AS DateTime2), N'SYSTEM')
INSERT [dbo].[load_shape_interval] ([shape_interval_id], [load_shape_id], [day_type], [interval_no], [interval_factor], [created_at], [created_by], [updated_at], [updated_by]) VALUES (10, 7, N'ALL', 15, CAST(0.650000 AS Decimal(8, 6)), CAST(N'2026-07-12T11:19:47.7919813' AS DateTime2), N'SYSTEM', CAST(N'2026-07-12T11:19:47.7919813' AS DateTime2), N'SYSTEM')
INSERT [dbo].[load_shape_interval] ([shape_interval_id], [load_shape_id], [day_type], [interval_no], [interval_factor], [created_at], [created_by], [updated_at], [updated_by]) VALUES (11, 7, N'ALL', 16, CAST(0.400000 AS Decimal(8, 6)), CAST(N'2026-07-12T11:19:47.7919813' AS DateTime2), N'SYSTEM', CAST(N'2026-07-12T11:19:47.7919813' AS DateTime2), N'SYSTEM')
INSERT [dbo].[load_shape_interval] ([shape_interval_id], [load_shape_id], [day_type], [interval_no], [interval_factor], [created_at], [created_by], [updated_at], [updated_by]) VALUES (12, 7, N'ALL', 17, CAST(0.150000 AS Decimal(8, 6)), CAST(N'2026-07-12T11:19:47.7919813' AS DateTime2), N'SYSTEM', CAST(N'2026-07-12T11:19:47.7919813' AS DateTime2), N'SYSTEM')
INSERT [dbo].[load_shape_interval] ([shape_interval_id], [load_shape_id], [day_type], [interval_no], [interval_factor], [created_at], [created_by], [updated_at], [updated_by]) VALUES (13, 7, N'ALL', 18, CAST(0.050000 AS Decimal(8, 6)), CAST(N'2026-07-12T11:19:47.7919813' AS DateTime2), N'SYSTEM', CAST(N'2026-07-12T11:19:47.7919813' AS DateTime2), N'SYSTEM')
INSERT [dbo].[load_shape_interval] ([shape_interval_id], [load_shape_id], [day_type], [interval_no], [interval_factor], [created_at], [created_by], [updated_at], [updated_by]) VALUES (14, 8, N'ALL', 0, CAST(0.900000 AS Decimal(8, 6)), CAST(N'2026-07-12T11:19:47.7965187' AS DateTime2), N'SYSTEM', CAST(N'2026-07-12T11:19:47.7965187' AS DateTime2), N'SYSTEM')
INSERT [dbo].[load_shape_interval] ([shape_interval_id], [load_shape_id], [day_type], [interval_no], [interval_factor], [created_at], [created_by], [updated_at], [updated_by]) VALUES (15, 8, N'ALL', 1, CAST(0.950000 AS Decimal(8, 6)), CAST(N'2026-07-12T11:19:47.7965187' AS DateTime2), N'SYSTEM', CAST(N'2026-07-12T11:19:47.7965187' AS DateTime2), N'SYSTEM')
INSERT [dbo].[load_shape_interval] ([shape_interval_id], [load_shape_id], [day_type], [interval_no], [interval_factor], [created_at], [created_by], [updated_at], [updated_by]) VALUES (16, 8, N'ALL', 2, CAST(1.000000 AS Decimal(8, 6)), CAST(N'2026-07-12T11:19:47.7965187' AS DateTime2), N'SYSTEM', CAST(N'2026-07-12T11:19:47.7965187' AS DateTime2), N'SYSTEM')
INSERT [dbo].[load_shape_interval] ([shape_interval_id], [load_shape_id], [day_type], [interval_no], [interval_factor], [created_at], [created_by], [updated_at], [updated_by]) VALUES (17, 8, N'ALL', 3, CAST(1.000000 AS Decimal(8, 6)), CAST(N'2026-07-12T11:19:47.7965187' AS DateTime2), N'SYSTEM', CAST(N'2026-07-12T11:19:47.7965187' AS DateTime2), N'SYSTEM')
INSERT [dbo].[load_shape_interval] ([shape_interval_id], [load_shape_id], [day_type], [interval_no], [interval_factor], [created_at], [created_by], [updated_at], [updated_by]) VALUES (18, 8, N'ALL', 4, CAST(0.900000 AS Decimal(8, 6)), CAST(N'2026-07-12T11:19:47.7965187' AS DateTime2), N'SYSTEM', CAST(N'2026-07-12T11:19:47.7965187' AS DateTime2), N'SYSTEM')
INSERT [dbo].[load_shape_interval] ([shape_interval_id], [load_shape_id], [day_type], [interval_no], [interval_factor], [created_at], [created_by], [updated_at], [updated_by]) VALUES (19, 8, N'ALL', 5, CAST(0.700000 AS Decimal(8, 6)), CAST(N'2026-07-12T11:19:47.7965187' AS DateTime2), N'SYSTEM', CAST(N'2026-07-12T11:19:47.7965187' AS DateTime2), N'SYSTEM')
INSERT [dbo].[load_shape_interval] ([shape_interval_id], [load_shape_id], [day_type], [interval_no], [interval_factor], [created_at], [created_by], [updated_at], [updated_by]) VALUES (20, 8, N'ALL', 6, CAST(0.400000 AS Decimal(8, 6)), CAST(N'2026-07-12T11:19:47.7965187' AS DateTime2), N'SYSTEM', CAST(N'2026-07-12T11:19:47.7965187' AS DateTime2), N'SYSTEM')
INSERT [dbo].[load_shape_interval] ([shape_interval_id], [load_shape_id], [day_type], [interval_no], [interval_factor], [created_at], [created_by], [updated_at], [updated_by]) VALUES (21, 8, N'ALL', 7, CAST(0.200000 AS Decimal(8, 6)), CAST(N'2026-07-12T11:19:47.7965187' AS DateTime2), N'SYSTEM', CAST(N'2026-07-12T11:19:47.7965187' AS DateTime2), N'SYSTEM')
INSERT [dbo].[load_shape_interval] ([shape_interval_id], [load_shape_id], [day_type], [interval_no], [interval_factor], [created_at], [created_by], [updated_at], [updated_by]) VALUES (22, 8, N'ALL', 8, CAST(0.150000 AS Decimal(8, 6)), CAST(N'2026-07-12T11:19:47.7965187' AS DateTime2), N'SYSTEM', CAST(N'2026-07-12T11:19:47.7965187' AS DateTime2), N'SYSTEM')
INSERT [dbo].[load_shape_interval] ([shape_interval_id], [load_shape_id], [day_type], [interval_no], [interval_factor], [created_at], [created_by], [updated_at], [updated_by]) VALUES (23, 8, N'ALL', 9, CAST(0.100000 AS Decimal(8, 6)), CAST(N'2026-07-12T11:19:47.7965187' AS DateTime2), N'SYSTEM', CAST(N'2026-07-12T11:19:47.7965187' AS DateTime2), N'SYSTEM')
INSERT [dbo].[load_shape_interval] ([shape_interval_id], [load_shape_id], [day_type], [interval_no], [interval_factor], [created_at], [created_by], [updated_at], [updated_by]) VALUES (24, 8, N'ALL', 10, CAST(0.100000 AS Decimal(8, 6)), CAST(N'2026-07-12T11:19:47.7965187' AS DateTime2), N'SYSTEM', CAST(N'2026-07-12T11:19:47.7965187' AS DateTime2), N'SYSTEM')
INSERT [dbo].[load_shape_interval] ([shape_interval_id], [load_shape_id], [day_type], [interval_no], [interval_factor], [created_at], [created_by], [updated_at], [updated_by]) VALUES (25, 8, N'ALL', 11, CAST(0.100000 AS Decimal(8, 6)), CAST(N'2026-07-12T11:19:47.7965187' AS DateTime2), N'SYSTEM', CAST(N'2026-07-12T11:19:47.7965187' AS DateTime2), N'SYSTEM')
INSERT [dbo].[load_shape_interval] ([shape_interval_id], [load_shape_id], [day_type], [interval_no], [interval_factor], [created_at], [created_by], [updated_at], [updated_by]) VALUES (26, 8, N'ALL', 12, CAST(0.150000 AS Decimal(8, 6)), CAST(N'2026-07-12T11:19:47.7965187' AS DateTime2), N'SYSTEM', CAST(N'2026-07-12T11:19:47.7965187' AS DateTime2), N'SYSTEM')
INSERT [dbo].[load_shape_interval] ([shape_interval_id], [load_shape_id], [day_type], [interval_no], [interval_factor], [created_at], [created_by], [updated_at], [updated_by]) VALUES (27, 8, N'ALL', 13, CAST(0.150000 AS Decimal(8, 6)), CAST(N'2026-07-12T11:19:47.7965187' AS DateTime2), N'SYSTEM', CAST(N'2026-07-12T11:19:47.7965187' AS DateTime2), N'SYSTEM')
INSERT [dbo].[load_shape_interval] ([shape_interval_id], [load_shape_id], [day_type], [interval_no], [interval_factor], [created_at], [created_by], [updated_at], [updated_by]) VALUES (28, 8, N'ALL', 14, CAST(0.100000 AS Decimal(8, 6)), CAST(N'2026-07-12T11:19:47.7965187' AS DateTime2), N'SYSTEM', CAST(N'2026-07-12T11:19:47.7965187' AS DateTime2), N'SYSTEM')
INSERT [dbo].[load_shape_interval] ([shape_interval_id], [load_shape_id], [day_type], [interval_no], [interval_factor], [created_at], [created_by], [updated_at], [updated_by]) VALUES (29, 8, N'ALL', 15, CAST(0.100000 AS Decimal(8, 6)), CAST(N'2026-07-12T11:19:47.7965187' AS DateTime2), N'SYSTEM', CAST(N'2026-07-12T11:19:47.7965187' AS DateTime2), N'SYSTEM')
INSERT [dbo].[load_shape_interval] ([shape_interval_id], [load_shape_id], [day_type], [interval_no], [interval_factor], [created_at], [created_by], [updated_at], [updated_by]) VALUES (30, 8, N'ALL', 16, CAST(0.150000 AS Decimal(8, 6)), CAST(N'2026-07-12T11:19:47.7965187' AS DateTime2), N'SYSTEM', CAST(N'2026-07-12T11:19:47.7965187' AS DateTime2), N'SYSTEM')
INSERT [dbo].[load_shape_interval] ([shape_interval_id], [load_shape_id], [day_type], [interval_no], [interval_factor], [created_at], [created_by], [updated_at], [updated_by]) VALUES (31, 8, N'ALL', 17, CAST(0.250000 AS Decimal(8, 6)), CAST(N'2026-07-12T11:19:47.7965187' AS DateTime2), N'SYSTEM', CAST(N'2026-07-12T11:19:47.7965187' AS DateTime2), N'SYSTEM')
INSERT [dbo].[load_shape_interval] ([shape_interval_id], [load_shape_id], [day_type], [interval_no], [interval_factor], [created_at], [created_by], [updated_at], [updated_by]) VALUES (32, 8, N'ALL', 18, CAST(0.350000 AS Decimal(8, 6)), CAST(N'2026-07-12T11:19:47.7965187' AS DateTime2), N'SYSTEM', CAST(N'2026-07-12T11:19:47.7965187' AS DateTime2), N'SYSTEM')
INSERT [dbo].[load_shape_interval] ([shape_interval_id], [load_shape_id], [day_type], [interval_no], [interval_factor], [created_at], [created_by], [updated_at], [updated_by]) VALUES (33, 8, N'ALL', 19, CAST(0.400000 AS Decimal(8, 6)), CAST(N'2026-07-12T11:19:47.7965187' AS DateTime2), N'SYSTEM', CAST(N'2026-07-12T11:19:47.7965187' AS DateTime2), N'SYSTEM')
INSERT [dbo].[load_shape_interval] ([shape_interval_id], [load_shape_id], [day_type], [interval_no], [interval_factor], [created_at], [created_by], [updated_at], [updated_by]) VALUES (34, 8, N'ALL', 20, CAST(0.450000 AS Decimal(8, 6)), CAST(N'2026-07-12T11:19:47.7965187' AS DateTime2), N'SYSTEM', CAST(N'2026-07-12T11:19:47.7965187' AS DateTime2), N'SYSTEM')
INSERT [dbo].[load_shape_interval] ([shape_interval_id], [load_shape_id], [day_type], [interval_no], [interval_factor], [created_at], [created_by], [updated_at], [updated_by]) VALUES (35, 8, N'ALL', 21, CAST(0.600000 AS Decimal(8, 6)), CAST(N'2026-07-12T11:19:47.7965187' AS DateTime2), N'SYSTEM', CAST(N'2026-07-12T11:19:47.7965187' AS DateTime2), N'SYSTEM')
INSERT [dbo].[load_shape_interval] ([shape_interval_id], [load_shape_id], [day_type], [interval_no], [interval_factor], [created_at], [created_by], [updated_at], [updated_by]) VALUES (36, 8, N'ALL', 22, CAST(0.750000 AS Decimal(8, 6)), CAST(N'2026-07-12T11:19:47.7965187' AS DateTime2), N'SYSTEM', CAST(N'2026-07-12T11:19:47.7965187' AS DateTime2), N'SYSTEM')
INSERT [dbo].[load_shape_interval] ([shape_interval_id], [load_shape_id], [day_type], [interval_no], [interval_factor], [created_at], [created_by], [updated_at], [updated_by]) VALUES (37, 8, N'ALL', 23, CAST(0.850000 AS Decimal(8, 6)), CAST(N'2026-07-12T11:19:47.7965187' AS DateTime2), N'SYSTEM', CAST(N'2026-07-12T11:19:47.7965187' AS DateTime2), N'SYSTEM')
SET IDENTITY_INSERT [dbo].[load_shape_interval] OFF

SET IDENTITY_INSERT [dbo].[power_ancillary_service_type] ON 

INSERT [dbo].[power_ancillary_service_type] ([service_type_id], [service_code], [service_name], [balancing_authority_id], [description], [is_active], [created_at], [created_by], [updated_at], [updated_by]) VALUES (1, N'SPINNING_RESERVE', N'Synchronized Reserve', 1, N'Online generation capable of responding within 10 minutes to a system contingency.', 1, CAST(N'2026-07-12T11:19:53.2454588' AS DateTime2), N'SYSTEM', CAST(N'2026-07-12T11:19:53.2454588' AS DateTime2), N'SYSTEM')
INSERT [dbo].[power_ancillary_service_type] ([service_type_id], [service_code], [service_name], [balancing_authority_id], [description], [is_active], [created_at], [created_by], [updated_at], [updated_by]) VALUES (2, N'REG_UP', N'Regulation Up', 1, N'AGC-dispatched capacity that increases output to follow system frequency.', 1, CAST(N'2026-07-12T11:19:53.2454588' AS DateTime2), N'SYSTEM', CAST(N'2026-07-12T11:19:53.2454588' AS DateTime2), N'SYSTEM')
INSERT [dbo].[power_ancillary_service_type] ([service_type_id], [service_code], [service_name], [balancing_authority_id], [description], [is_active], [created_at], [created_by], [updated_at], [updated_by]) VALUES (3, N'REG_DOWN', N'Regulation Down', 1, N'AGC-dispatched capacity that decreases output to follow system frequency.', 1, CAST(N'2026-07-12T11:19:53.2454588' AS DateTime2), N'SYSTEM', CAST(N'2026-07-12T11:19:53.2454588' AS DateTime2), N'SYSTEM')
INSERT [dbo].[power_ancillary_service_type] ([service_type_id], [service_code], [service_name], [balancing_authority_id], [description], [is_active], [created_at], [created_by], [updated_at], [updated_by]) VALUES (4, N'RRS', N'Responsive Reserve Service', 2, N'Fast-responding reserve (10 minutes) for large frequency deviations.', 1, CAST(N'2026-07-12T11:19:53.2454588' AS DateTime2), N'SYSTEM', CAST(N'2026-07-12T11:19:53.2454588' AS DateTime2), N'SYSTEM')
INSERT [dbo].[power_ancillary_service_type] ([service_type_id], [service_code], [service_name], [balancing_authority_id], [description], [is_active], [created_at], [created_by], [updated_at], [updated_by]) VALUES (5, N'REGUP', N'Regulation Up Service', 2, N'ERCOT AGC regulation-up ancillary service.', 1, CAST(N'2026-07-12T11:19:53.2454588' AS DateTime2), N'SYSTEM', CAST(N'2026-07-12T11:19:53.2454588' AS DateTime2), N'SYSTEM')
SET IDENTITY_INSERT [dbo].[power_ancillary_service_type] OFF

SET IDENTITY_INSERT [dbo].[transmission_right_type] ON 

INSERT [dbo].[transmission_right_type] ([right_type_id], [type_code], [type_name], [home_balancing_authority_id], [settlement_basis], [allocation_method], [description], [is_active], [created_at], [created_by], [updated_at], [updated_by]) VALUES (1, N'FTR', N'Financial Transmission Right', 1, N'DA_LMP_DIFFERENCE', N'AUCTION', N'PJM/MISO terminology. Hedges day-ahead LMP spread between a source and sink point.', 1, CAST(N'2026-07-12T11:19:44.7076511' AS DateTime2), N'SYSTEM', CAST(N'2026-07-12T11:19:44.7076511' AS DateTime2), N'SYSTEM')
INSERT [dbo].[transmission_right_type] ([right_type_id], [type_code], [type_name], [home_balancing_authority_id], [settlement_basis], [allocation_method], [description], [is_active], [created_at], [created_by], [updated_at], [updated_by]) VALUES (2, N'CRR', N'Congestion Revenue Right', 3, N'DA_LMP_DIFFERENCE', N'AUCTION', N'CAISO/ERCOT terminology for the same economic instrument as an FTR.', 1, CAST(N'2026-07-12T11:19:44.7076511' AS DateTime2), N'SYSTEM', CAST(N'2026-07-12T11:19:44.7076511' AS DateTime2), N'SYSTEM')
INSERT [dbo].[transmission_right_type] ([right_type_id], [type_code], [type_name], [home_balancing_authority_id], [settlement_basis], [allocation_method], [description], [is_active], [created_at], [created_by], [updated_at], [updated_by]) VALUES (3, N'TCC', N'Transmission Congestion Contract', 5, N'DA_LMP_DIFFERENCE', N'AUCTION', N'NYISO terminology for the same economic instrument as an FTR.', 1, CAST(N'2026-07-12T11:19:44.7076511' AS DateTime2), N'SYSTEM', CAST(N'2026-07-12T11:19:44.7076511' AS DateTime2), N'SYSTEM')
SET IDENTITY_INSERT [dbo].[transmission_right_type] OFF

SET IDENTITY_INSERT [dbo].[transmission_zone] ON 

INSERT [dbo].[transmission_zone] ([zone_id], [balancing_authority_id], [zone_code], [zone_name], [zone_type], [location_id], [is_active], [notes], [created_at], [created_by], [updated_at], [updated_by]) VALUES (1, 1, N'PJM_WEST', N'PJM West Hub', N'HUB', NULL, 1, NULL, CAST(N'2026-07-12T11:19:44.6526977' AS DateTime2), N'SYSTEM', CAST(N'2026-07-12T11:19:44.6526977' AS DateTime2), N'SYSTEM')
INSERT [dbo].[transmission_zone] ([zone_id], [balancing_authority_id], [zone_code], [zone_name], [zone_type], [location_id], [is_active], [notes], [created_at], [created_by], [updated_at], [updated_by]) VALUES (2, 1, N'PJM_AECO', N'AECO Zone', N'LOAD_ZONE', NULL, 1, NULL, CAST(N'2026-07-12T11:19:44.6526977' AS DateTime2), N'SYSTEM', CAST(N'2026-07-12T11:19:44.6526977' AS DateTime2), N'SYSTEM')
INSERT [dbo].[transmission_zone] ([zone_id], [balancing_authority_id], [zone_code], [zone_name], [zone_type], [location_id], [is_active], [notes], [created_at], [created_by], [updated_at], [updated_by]) VALUES (3, 2, N'ERCOT_NORTH', N'ERCOT North Hub', N'HUB', NULL, 1, NULL, CAST(N'2026-07-12T11:19:44.6526977' AS DateTime2), N'SYSTEM', CAST(N'2026-07-12T11:19:44.6526977' AS DateTime2), N'SYSTEM')
INSERT [dbo].[transmission_zone] ([zone_id], [balancing_authority_id], [zone_code], [zone_name], [zone_type], [location_id], [is_active], [notes], [created_at], [created_by], [updated_at], [updated_by]) VALUES (4, 2, N'ERCOT_HOUSTON', N'ERCOT Houston Hub', N'HUB', NULL, 1, NULL, CAST(N'2026-07-12T11:19:44.6526977' AS DateTime2), N'SYSTEM', CAST(N'2026-07-12T11:19:44.6526977' AS DateTime2), N'SYSTEM')
INSERT [dbo].[transmission_zone] ([zone_id], [balancing_authority_id], [zone_code], [zone_name], [zone_type], [location_id], [is_active], [notes], [created_at], [created_by], [updated_at], [updated_by]) VALUES (5, 6, N'GSP_A', N'GSP Group _A', N'GSP_GROUP', NULL, 1, NULL, CAST(N'2026-07-12T11:19:44.6526977' AS DateTime2), N'SYSTEM', CAST(N'2026-07-12T11:19:44.6526977' AS DateTime2), N'SYSTEM')
INSERT [dbo].[transmission_zone] ([zone_id], [balancing_authority_id], [zone_code], [zone_name], [zone_type], [location_id], [is_active], [notes], [created_at], [created_by], [updated_at], [updated_by]) VALUES (6, 6, N'GSP_B', N'GSP Group _B', N'GSP_GROUP', NULL, 1, NULL, CAST(N'2026-07-12T11:19:44.6526977' AS DateTime2), N'SYSTEM', CAST(N'2026-07-12T11:19:44.6526977' AS DateTime2), N'SYSTEM')
SET IDENTITY_INSERT [dbo].[transmission_zone] OFF

SET IDENTITY_INSERT [dbo].[energy_footprint] ON 

INSERT [dbo].[energy_footprint] ([energy_footprint_id], [footprint_code], [footprint_name], [footprint_type], [flow_direction], [owner_counterparty_id], [operator_counterparty_id], [balancing_authority_id], [default_zone_id], [total_capacity_mw], [default_load_shape_id], [is_aggregated_dispatch], [commissioning_date], [is_active], [notes], [created_at], [created_by], [updated_at], [updated_by]) VALUES (1, N'SOLAR_CA_01', N'California Distributed Solar Portfolio', N'SOLAR_PORTFOLIO', N'GENERATION', NULL, NULL, 3, NULL, CAST(120.00 AS Decimal(14, 2)), 7, 1, NULL, 1, NULL, CAST(N'2026-07-12T11:19:47.8169709' AS DateTime2), N'SYSTEM', CAST(N'2026-07-12T11:19:47.8169709' AS DateTime2), N'SYSTEM')
INSERT [dbo].[energy_footprint] ([energy_footprint_id], [footprint_code], [footprint_name], [footprint_type], [flow_direction], [owner_counterparty_id], [operator_counterparty_id], [balancing_authority_id], [default_zone_id], [total_capacity_mw], [default_load_shape_id], [is_aggregated_dispatch], [commissioning_date], [is_active], [notes], [created_at], [created_by], [updated_at], [updated_by]) VALUES (2, N'EVNET_GB_01', N'GB Motorway Fast-Charging Network', N'EV_CHARGING_NETWORK', N'LOAD', NULL, NULL, 6, NULL, CAST(45.00 AS Decimal(14, 2)), 8, 0, NULL, 1, NULL, CAST(N'2026-07-12T11:19:47.8169709' AS DateTime2), N'SYSTEM', CAST(N'2026-07-12T11:19:47.8169709' AS DateTime2), N'SYSTEM')
SET IDENTITY_INSERT [dbo].[energy_footprint] OFF


SET IDENTITY_INSERT [dbo].[energy_footprint_site] ON 

INSERT [dbo].[energy_footprint_site] ([footprint_site_id], [energy_footprint_id], [site_code], [site_name], [site_type], [location_id], [zone_id], [capacity_mw], [storage_capacity_mwh], [charger_count], [max_charger_kw], [connector_standard], [technology], [generation_asset_id], [site_load_shape_id], [commissioning_date], [decommissioning_date], [is_active], [notes], [created_at], [created_by], [updated_at], [updated_by]) VALUES (1, 1, N'SC-FRESNO-1', N'Fresno Ground-Mount Array', N'SOLAR_ARRAY', NULL, NULL, CAST(60.0000 AS Decimal(14, 4)), NULL, NULL, NULL, NULL, N'TRACKER_PV', NULL, NULL, NULL, NULL, 1, NULL, CAST(N'2026-07-12T11:19:47.8270607' AS DateTime2), N'SYSTEM', CAST(N'2026-07-12T11:19:47.8270607' AS DateTime2), N'SYSTEM')
INSERT [dbo].[energy_footprint_site] ([footprint_site_id], [energy_footprint_id], [site_code], [site_name], [site_type], [location_id], [zone_id], [capacity_mw], [storage_capacity_mwh], [charger_count], [max_charger_kw], [connector_standard], [technology], [generation_asset_id], [site_load_shape_id], [commissioning_date], [decommissioning_date], [is_active], [notes], [created_at], [created_by], [updated_at], [updated_by]) VALUES (2, 1, N'SC-KERN-1', N'Kern County Bifacial Array', N'SOLAR_ARRAY', NULL, NULL, CAST(45.0000 AS Decimal(14, 4)), NULL, NULL, NULL, NULL, N'BIFACIAL_PV', NULL, NULL, NULL, NULL, 1, NULL, CAST(N'2026-07-12T11:19:47.8270607' AS DateTime2), N'SYSTEM', CAST(N'2026-07-12T11:19:47.8270607' AS DateTime2), N'SYSTEM')
INSERT [dbo].[energy_footprint_site] ([footprint_site_id], [energy_footprint_id], [site_code], [site_name], [site_type], [location_id], [zone_id], [capacity_mw], [storage_capacity_mwh], [charger_count], [max_charger_kw], [connector_standard], [technology], [generation_asset_id], [site_load_shape_id], [commissioning_date], [decommissioning_date], [is_active], [notes], [created_at], [created_by], [updated_at], [updated_by]) VALUES (3, 1, N'SC-ROOF-LA', N'LA C&I Rooftop Cluster', N'ROOFTOP_SOLAR', NULL, NULL, CAST(15.0000 AS Decimal(14, 4)), NULL, NULL, NULL, NULL, N'MONO_PV', NULL, NULL, NULL, NULL, 1, NULL, CAST(N'2026-07-12T11:19:47.8270607' AS DateTime2), N'SYSTEM', CAST(N'2026-07-12T11:19:47.8270607' AS DateTime2), N'SYSTEM')
INSERT [dbo].[energy_footprint_site] ([footprint_site_id], [energy_footprint_id], [site_code], [site_name], [site_type], [location_id], [zone_id], [capacity_mw], [storage_capacity_mwh], [charger_count], [max_charger_kw], [connector_standard], [technology], [generation_asset_id], [site_load_shape_id], [commissioning_date], [decommissioning_date], [is_active], [notes], [created_at], [created_by], [updated_at], [updated_by]) VALUES (4, 2, N'EV-M1-JCT15', N'M1 Junction 15 Charging Hub', N'EV_CHARGING_HUB', NULL, NULL, CAST(12.0000 AS Decimal(14, 4)), NULL, 32, CAST(350.00 AS Decimal(10, 2)), N'CCS', N'DC_FAST', NULL, NULL, NULL, NULL, 1, NULL, CAST(N'2026-07-12T11:19:47.8270607' AS DateTime2), N'SYSTEM', CAST(N'2026-07-12T11:19:47.8270607' AS DateTime2), N'SYSTEM')
INSERT [dbo].[energy_footprint_site] ([footprint_site_id], [energy_footprint_id], [site_code], [site_name], [site_type], [location_id], [zone_id], [capacity_mw], [storage_capacity_mwh], [charger_count], [max_charger_kw], [connector_standard], [technology], [generation_asset_id], [site_load_shape_id], [commissioning_date], [decommissioning_date], [is_active], [notes], [created_at], [created_by], [updated_at], [updated_by]) VALUES (5, 2, N'EV-M6-JCT10', N'M6 Junction 10 Charging Hub', N'EV_CHARGING_HUB', NULL, NULL, CAST(10.0000 AS Decimal(14, 4)), NULL, 24, CAST(350.00 AS Decimal(10, 2)), N'CCS', N'DC_FAST', NULL, NULL, NULL, NULL, 1, NULL, CAST(N'2026-07-12T11:19:47.8270607' AS DateTime2), N'SYSTEM', CAST(N'2026-07-12T11:19:47.8270607' AS DateTime2), N'SYSTEM')
INSERT [dbo].[energy_footprint_site] ([footprint_site_id], [energy_footprint_id], [site_code], [site_name], [site_type], [location_id], [zone_id], [capacity_mw], [storage_capacity_mwh], [charger_count], [max_charger_kw], [connector_standard], [technology], [generation_asset_id], [site_load_shape_id], [commissioning_date], [decommissioning_date], [is_active], [notes], [created_at], [created_by], [updated_at], [updated_by]) VALUES (6, 2, N'EV-LDN-DEPOT', N'London Bus Depot', N'EV_DEPOT', NULL, NULL, CAST(23.0000 AS Decimal(14, 4)), NULL, 80, CAST(150.00 AS Decimal(10, 2)), N'TYPE2', N'DC_FAST', NULL, NULL, NULL, NULL, 1, NULL, CAST(N'2026-07-12T11:19:47.8270607' AS DateTime2), N'SYSTEM', CAST(N'2026-07-12T11:19:47.8270607' AS DateTime2), N'SYSTEM')
SET IDENTITY_INSERT [dbo].[energy_footprint_site] OFF




